ts_hr,spot_close,spot_vol,perp_close,perp_vol,funding_rate,dt_utc,dt_et,hour_et,dow,session,is_weekend,is_weekday,is_rth,basis_bps
1787817600,226.5,5021939.252242002,226.5,18785.06,0.0,2026-08-27 08:00:00+00:00,2026-08-27 04:00:00-04:00,4,3,PRE,False,True,False,0.0
1787821200,224.59,1335099.5086230002,224.81,9801.27,0.0,2026-08-27 09:00:00+00:00,2026-08-27 05:00:00-04:00,5,3,PRE,False,True,False,9.795627588049284
1787824800,223.75,1164200.6436400004,224.01,6357.67,0.0,2026-08-27 10:00:00+00:00,2026-08-27 06:00:00-04:00,6,3,PRE,False,True,False,11.620111731843169
1787828400,222.43,4492193.376670999,222.62,11446.19,0.0,2026-08-27 11:00:00+00:00,2026-08-27 07:00:00-04:00,7,3,PRE,False,True,False,8.542013217641403
1787832000,222.155,6473986.308585,222.39,8867.35,0.0,2026-08-27 12:00:00+00:00,2026-08-27 08:00:00-04:00,8,3,PRE,False,True,False,10.57819990547074
1787835600,224.245,61862413.585776,224.32,52042.09,0.0,2026-08-27 13:00:00+00:00,2026-08-27 09:00:00-04:00,9,3,PRE,False,True,False,3.3445561773947525
1787839200,226.95,47953826.98551601,226.92,45171.57,0.0,2026-08-27 14:00:00+00:00,2026-08-27 10:00:00-04:00,10,3,RTH,False,True,True,-1.321877065432965
1787842800,226.19,25725118.871916007,226.16,11797.27,0.0,2026-08-27 15:00:00+00:00,2026-08-27 11:00:00-04:00,11,3,RTH,False,True,True,-1.32631858172338
1787846400,229.68,32458894.438499,229.59,13675.11,0.0,2026-08-27 16:00:00+00:00,2026-08-27 12:00:00-04:00,12,3,RTH,False,True,True,-3.918495297805791
1787850000,228.353,37575047.355902,228.2,8785.17,0.0,2026-08-27 17:00:00+00:00,2026-08-27 13:00:00-04:00,13,3,RTH,False,True,True,-6.700152833552438
1787853600,226.134,32417625.138213,226.16,6385.42,0.0,2026-08-27 18:00:00+00:00,2026-08-27 14:00:00-04:00,14,3,RTH,False,True,True,1.1497607613189729
1787857200,227.67,40677072.704047,227.81,7703.17,0.0,2026-08-27 19:00:00+00:00,2026-08-27 15:00:00-04:00,15,3,RTH,False,True,True,6.14925110906201
1787860800,226.89,33663761.469413,226.75,2411.41,0.0,2026-08-27 20:00:00+00:00,2026-08-27 16:00:00-04:00,16,3,AH,False,True,False,-6.1703909383395645
1787864400,225.99,918976.9311000002,226.1,2616.42,0.0,2026-08-27 21:00:00+00:00,2026-08-27 17:00:00-04:00,17,3,AH,False,True,False,4.867472012035277
1787868000,226.323,756967.72728,226.35,686.56,0.0,2026-08-27 22:00:00+00:00,2026-08-27 18:00:00-04:00,18,3,AH,False,True,False,1.1929852467485325
1787871600,226.09,345589.0147900001,226.16,1013.39,0.0,2026-08-27 23:00:00+00:00,2026-08-27 19:00:00-04:00,19,3,AH,False,True,False,3.0961121677205177
1787875200,226.25,1.0,226.33,1028.28,0.0,2026-08-28 00:00:00+00:00,2026-08-27 20:00:00-04:00,20,3,ON,False,True,False,3.5359116022104975
1787878800,226.82,67808.0,226.86,807.86,0.0,2026-08-28 01:00:00+00:00,2026-08-27 21:00:00-04:00,21,3,ON,False,True,False,1.7635129177330244
1787882400,226.36,75541.0,226.44,1040.28,0.0,2026-08-28 02:00:00+00:00,2026-08-27 22:00:00-04:00,22,3,ON,False,True,False,3.534193320373921
1787886000,226.54,52427.0,226.56,1091.97,0.0,2026-08-28 03:00:00+00:00,2026-08-27 23:00:00-04:00,23,3,ON,False,True,False,0.882846296460238
1787889600,226.64,34855.0,226.67,826.65,0.0,2026-08-28 04:00:00+00:00,2026-08-28 00:00:00-04:00,0,4,ON,False,True,False,1.323685139428218
1787893200,226.19,36626.0,226.13,1318.43,0.0,2026-08-28 05:00:00+00:00,2026-08-28 01:00:00-04:00,1,4,ON,False,True,False,-2.65263716344676
1787896800,227.07,90259.0,227.14,1400.95,0.0,2026-08-28 06:00:00+00:00,2026-08-28 02:00:00-04:00,2,4,ON,False,True,False,3.0827498128327466
1787900400,226.32,74216.0,226.34,1197.63,0.0,2026-08-28 07:00:00+00:00,2026-08-28 03:00:00-04:00,3,4,ON,False,True,False,0.8837044892192574
1787904000,225.39,896693.618398,225.44,6816.43,0.0,2026-08-28 08:00:00+00:00,2026-08-28 04:00:00-04:00,4,4,PRE,False,True,False,2.2183770353614345
1787907600,226.19,281040.312988,226.06,2342.93,0.0,2026-08-28 09:00:00+00:00,2026-08-28 05:00:00-04:00,5,4,PRE,False,True,False,-5.7473805208008955
1787911200,226.85,325686.5023379999,226.89,1432.8,0.0,2026-08-28 10:00:00+00:00,2026-08-28 06:00:00-04:00,6,4,PRE,False,True,False,1.7632797002421001
1787914800,226.696,1232348.686188,226.77,2514.51,0.0,2026-08-28 11:00:00+00:00,2026-08-28 07:00:00-04:00,7,4,PRE,False,True,False,3.264283445672278
1787918400,227.94,1613145.1385839996,227.94,3479.39,0.0,2026-08-28 12:00:00+00:00,2026-08-28 08:00:00-04:00,8,4,PRE,False,True,False,0.0
1787922000,225.28,25882791.918233,225.38,22122.37,0.0,2026-08-28 13:00:00+00:00,2026-08-28 09:00:00-04:00,9,4,PRE,False,True,False,4.438920454545202
1787925600,226.73,26829122.456560995,226.86,13421.96,0.0,2026-08-28 14:00:00+00:00,2026-08-28 10:00:00-04:00,10,4,RTH,False,True,True,5.733692056632289
1787929200,221.33,24317884.817238007,221.49,13646.08,0.0,2026-08-28 15:00:00+00:00,2026-08-28 11:00:00-04:00,11,4,RTH,False,True,True,7.229024533501856
1787932800,219.805,30234681.994605,220.06,14793.24,0.0,2026-08-28 16:00:00+00:00,2026-08-28 12:00:00-04:00,12,4,RTH,False,True,True,11.601191965605672
1787936400,219.37,26673100.626472,219.66,16884.21,0.0,2026-08-28 17:00:00+00:00,2026-08-28 13:00:00-04:00,13,4,RTH,False,True,True,13.219674522495877
1787940000,217.36,16825279.049416,217.52,6967.21,0.0,2026-08-28 18:00:00+00:00,2026-08-28 14:00:00-04:00,14,4,RTH,False,True,True,7.361059992638783
1787943600,217.535,26876883.690961994,217.73,7810.35,0.0,2026-08-28 19:00:00+00:00,2026-08-28 15:00:00-04:00,15,4,RTH,False,True,True,8.964074746592189
1787947200,217.73,26630814.297954,217.94,1826.71,0.0,2026-08-28 20:00:00+00:00,2026-08-28 16:00:00-04:00,16,4,AH,False,True,False,9.644973131860928
1787950800,217.81,874976.875351,217.98,461.66,0.0,2026-08-28 21:00:00+00:00,2026-08-28 17:00:00-04:00,17,4,AH,False,True,False,7.8049676323395385
1787954400,217.89,256317.33353000003,218.13,441.51,0.0,2026-08-28 22:00:00+00:00,2026-08-28 18:00:00-04:00,18,4,AH,False,True,False,11.0147322043237
1787958000,217.92,323391.76270399994,218.08,337.64,0.0,2026-08-28 23:00:00+00:00,2026-08-28 19:00:00-04:00,19,4,AH,False,True,False,7.342143906021706
1787961600,217.873,135.0,217.94,1519.81,0.000222,2026-08-29 00:00:00+00:00,2026-08-28 20:00:00-04:00,20,4,WEEKEND,True,False,False,3.0751860028552085
1787965200,218.21,27.6659,218.29,189.76,0.000222,2026-08-29 01:00:00+00:00,2026-08-28 21:00:00-04:00,21,4,WEEKEND,True,False,False,3.666193116721694
1787968800,218.34,59.461,218.15,274.98,0.000222,2026-08-29 02:00:00+00:00,2026-08-28 22:00:00-04:00,22,4,WEEKEND,True,False,False,-8.70202436566812
1787972400,218.45,47.806,218.56,383.13,0.000222,2026-08-29 03:00:00+00:00,2026-08-28 23:00:00-04:00,23,4,WEEKEND,True,False,False,5.035477225910444
1787976000,218.71,59.9757,218.53,228.09,0.000222,2026-08-29 04:00:00+00:00,2026-08-29 00:00:00-04:00,0,5,WEEKEND,True,False,False,-8.230076356819845
1787979600,218.89,74.9538,218.72,287.74,0.000222,2026-08-29 05:00:00+00:00,2026-08-29 01:00:00-04:00,1,5,WEEKEND,True,False,False,-7.766458038283499
1787983200,218.98,47.2472,218.75,344.5,0.000222,2026-08-29 06:00:00+00:00,2026-08-29 02:00:00-04:00,2,5,WEEKEND,True,False,False,-10.503242305232888
1787986800,218.87,42.0773,218.94,383.37,0.000222,2026-08-29 07:00:00+00:00,2026-08-29 03:00:00-04:00,3,5,WEEKEND,True,False,False,3.198245533878246
1787990400,218.82,73.9409,218.92,327.02,0.0,2026-08-29 08:00:00+00:00,2026-08-29 04:00:00-04:00,4,5,WEEKEND,True,False,False,4.569966182249992
1787994000,218.75,35.2993,218.88,245.6,0.0,2026-08-29 09:00:00+00:00,2026-08-29 05:00:00-04:00,5,5,WEEKEND,True,False,False,5.942857142856935
1787997600,218.55,56.6273,218.93,322.35,0.0,2026-08-29 10:00:00+00:00,2026-08-29 06:00:00-04:00,6,5,WEEKEND,True,False,False,17.387325554792746
1788001200,218.33,64.4329,218.88,239.03,0.0,2026-08-29 11:00:00+00:00,2026-08-29 07:00:00-04:00,7,5,WEEKEND,True,False,False,25.191224293499882
1788004800,218.79,55.2717,218.81,371.74,0.0,2026-08-29 12:00:00+00:00,2026-08-29 08:00:00-04:00,8,5,WEEKEND,True,False,False,0.9141185611778524
1788008400,218.84,34.8993,218.77,319.02,0.0,2026-08-29 13:00:00+00:00,2026-08-29 09:00:00-04:00,9,5,WEEKEND,True,False,False,-3.19868397002345
1788012000,218.59,42.3699,218.88,279.9,0.0,2026-08-29 14:00:00+00:00,2026-08-29 10:00:00-04:00,10,5,WEEKEND,True,False,False,13.2668466078042
1788015600,219.01,171.8107,218.75,173.8,0.0,2026-08-29 15:00:00+00:00,2026-08-29 11:00:00-04:00,11,5,WEEKEND,True,False,False,-11.871604036344957
1788019200,219.16,321.3258,218.96,644.96,0.0,2026-08-29 16:00:00+00:00,2026-08-29 12:00:00-04:00,12,5,WEEKEND,True,False,False,-9.125752874611637
1788022800,219.09,117.7281,218.85,274.58,0.0,2026-08-29 17:00:00+00:00,2026-08-29 13:00:00-04:00,13,5,WEEKEND,True,False,False,-10.9544023004249
1788026400,219.0,91.7526,218.99,142.1,0.0,2026-08-29 18:00:00+00:00,2026-08-29 14:00:00-04:00,14,5,WEEKEND,True,False,False,-0.45662100456579474
1788030000,219.11,42.5932,218.96,174.66,0.0,2026-08-29 19:00:00+00:00,2026-08-29 15:00:00-04:00,15,5,WEEKEND,True,False,False,-6.845876500388192
1788033600,218.73,44.7773,218.86,127.31,0.0,2026-08-29 20:00:00+00:00,2026-08-29 16:00:00-04:00,16,5,WEEKEND,True,False,False,5.943400539478987
1788037200,218.89,32.2327,218.92,307.15,0.0,2026-08-29 21:00:00+00:00,2026-08-29 17:00:00-04:00,17,5,WEEKEND,True,False,False,1.3705514185207701
1788040800,218.74,42.5267,218.9,128.06,0.0,2026-08-29 22:00:00+00:00,2026-08-29 18:00:00-04:00,18,5,WEEKEND,True,False,False,7.31462009691856
1788044400,218.65,22.4928,218.96,209.5,0.0,2026-08-29 23:00:00+00:00,2026-08-29 19:00:00-04:00,19,5,WEEKEND,True,False,False,14.177909901669437
1788048000,218.79,15.3832,218.95,91.5,0.0,2026-08-30 00:00:00+00:00,2026-08-29 20:00:00-04:00,20,5,WEEKEND,True,False,False,7.312948489418922
1788051600,218.7,24.2462,218.94,102.49,0.0,2026-08-30 01:00:00+00:00,2026-08-29 21:00:00-04:00,21,5,WEEKEND,True,False,False,10.973936899863242
1788055200,218.84,40.9702,219.02,190.64,0.0,2026-08-30 02:00:00+00:00,2026-08-29 22:00:00-04:00,22,5,WEEKEND,True,False,False,8.225187351489986
1788058800,218.96,34.6802,219.04,132.47,0.0,2026-08-30 03:00:00+00:00,2026-08-29 23:00:00-04:00,23,5,WEEKEND,True,False,False,3.6536353671896276
1788062400,218.84,19.2255,219.01,154.53,0.0,2026-08-30 04:00:00+00:00,2026-08-30 00:00:00-04:00,0,6,WEEKEND,True,False,False,7.768232498628564
1788066000,219.13,25.201,219.01,187.24,0.0,2026-08-30 05:00:00+00:00,2026-08-30 01:00:00-04:00,1,6,WEEKEND,True,False,False,-5.476201341669537
1788069600,218.86,61.7816,219.01,205.51,0.0,2026-08-30 06:00:00+00:00,2026-08-30 02:00:00-04:00,2,6,WEEKEND,True,False,False,6.853696426938558
1788073200,219.25,49.1243,219.06,300.8,0.0,2026-08-30 07:00:00+00:00,2026-08-30 03:00:00-04:00,3,6,WEEKEND,True,False,False,-8.665906499429772
1788076800,219.4,31.6981,218.95,307.55,0.0,2026-08-30 08:00:00+00:00,2026-08-30 04:00:00-04:00,4,6,WEEKEND,True,False,False,-20.510483135825755
1788080400,219.49,28.3992,219.08,501.73,0.0,2026-08-30 09:00:00+00:00,2026-08-30 05:00:00-04:00,5,6,WEEKEND,True,False,False,-18.679666499612583
1788084000,218.95,48.7304,219.02,258.34,0.0,2026-08-30 10:00:00+00:00,2026-08-30 06:00:00-04:00,6,6,WEEKEND,True,False,False,3.1970769582106238
1788087600,219.08,24.7498,219.06,201.24,0.0,2026-08-30 11:00:00+00:00,2026-08-30 07:00:00-04:00,7,6,WEEKEND,True,False,False,-0.9129085265661051
1788091200,218.84,37.6192,218.91,447.66,0.0,2026-08-30 12:00:00+00:00,2026-08-30 08:00:00-04:00,8,6,WEEKEND,True,False,False,3.19868397002345
1788094800,219.02,102.8951,218.87,244.33,0.0,2026-08-30 13:00:00+00:00,2026-08-30 09:00:00-04:00,9,6,WEEKEND,True,False,False,-6.8486896173868
1788098400,219.12,1263.9111,219.04,420.2,0.0,2026-08-30 14:00:00+00:00,2026-08-30 10:00:00-04:00,10,6,WEEKEND,True,False,False,-3.6509675063897635
1788102000,218.88,291.4741,219.1,109.84,0.0,2026-08-30 15:00:00+00:00,2026-08-30 11:00:00-04:00,11,6,WEEKEND,True,False,False,10.051169590643223
1788105600,219.15,389.9805,219.15,222.98,0.0,2026-08-30 16:00:00+00:00,2026-08-30 12:00:00-04:00,12,6,WEEKEND,True,False,False,0.0
1788109200,219.2,176.8225,219.03,217.16,0.0,2026-08-30 17:00:00+00:00,2026-08-30 13:00:00-04:00,13,6,WEEKEND,True,False,False,-7.755474452554174
1788112800,219.17,52.9772,219.17,155.21,0.0,2026-08-30 18:00:00+00:00,2026-08-30 14:00:00-04:00,14,6,WEEKEND,True,False,False,0.0
1788116400,219.44,39.523,219.11,186.87,0.0,2026-08-30 19:00:00+00:00,2026-08-30 15:00:00-04:00,15,6,WEEKEND,True,False,False,-15.038279256288009
1788120000,219.3,11.1775,219.03,106.71,0.0,2026-08-30 20:00:00+00:00,2026-08-30 16:00:00-04:00,16,6,WEEKEND,True,False,False,-12.311901504788429
1788123600,219.56,27.9294,218.55,597.62,0.0,2026-08-30 21:00:00+00:00,2026-08-30 17:00:00-04:00,17,6,WEEKEND,True,False,False,-46.001093095281064
1788127200,218.39,40.7237,218.06,1542.67,0.0,2026-08-30 22:00:00+00:00,2026-08-30 18:00:00-04:00,18,6,WEEKEND,True,False,False,-15.110581986353958
1788130800,218.11,52.6242,216.97,14950.82,0.0,2026-08-30 23:00:00+00:00,2026-08-30 19:00:00-04:00,19,6,WEEKEND,True,False,False,-52.26720462152192
1788134400,217.86,303023.0,218.02,5578.73,0.0,2026-08-31 00:00:00+00:00,2026-08-30 20:00:00-04:00,20,6,WEEKEND,True,False,False,7.34416597815095
1788138000,217.25,108695.0,217.4,943.39,0.0,2026-08-31 01:00:00+00:00,2026-08-30 21:00:00-04:00,21,6,WEEKEND,True,False,False,6.904487917146406
1788141600,217.51,49193.0,217.63,474.81,0.0,2026-08-31 02:00:00+00:00,2026-08-30 22:00:00-04:00,22,6,WEEKEND,True,False,False,5.516987724702521
1788145200,217.62,62848.0,217.88,723.05,0.0,2026-08-31 03:00:00+00:00,2026-08-30 23:00:00-04:00,23,6,WEEKEND,True,False,False,11.947431302269592
1788148800,217.97,34973.0,218.15,452.52,0.0,2026-08-31 04:00:00+00:00,2026-08-31 00:00:00-04:00,0,0,ON,False,True,False,8.258017158324853
1788152400,218.79,100298.0,218.84,648.8,0.0,2026-08-31 05:00:00+00:00,2026-08-31 01:00:00-04:00,1,0,ON,False,True,False,2.2852964029439815
1788156000,219.05,111896.0,219.18,871.24,0.0,2026-08-31 06:00:00+00:00,2026-08-31 02:00:00-04:00,2,0,ON,False,True,False,5.93471810089
1788159600,218.94,71704.0,219.06,434.88,0.0,2026-08-31 07:00:00+00:00,2026-08-31 03:00:00-04:00,3,0,ON,False,True,False,5.480953685941562
1788163200,219.15,782215.3639399996,219.28,1347.21,0.0,2026-08-31 08:00:00+00:00,2026-08-31 04:00:00-04:00,4,0,PRE,False,True,False,5.932010038786013
1788166800,218.7,231302.824199,219.01,1311.79,0.0,2026-08-31 09:00:00+00:00,2026-08-31 05:00:00-04:00,5,0,PRE,False,True,False,14.174668495656256
1788170400,219.11,225907.6412999999,219.24,950.15,0.0,2026-08-31 10:00:00+00:00,2026-08-31 06:00:00-04:00,6,0,PRE,False,True,False,5.9330929670026675
1788174000,218.77,1134337.227286,219.0,1111.84,0.0,2026-08-31 11:00:00+00:00,2026-08-31 07:00:00-04:00,7,0,PRE,False,True,False,10.513324496045607
1788177600,218.18,733680.816426,218.47,1698.87,0.0,2026-08-31 12:00:00+00:00,2026-08-31 08:00:00-04:00,8,0,PRE,False,True,False,13.291777431478229
1788181200,218.835,23970515.68318,218.99,10892.5,0.0,2026-08-31 13:00:00+00:00,2026-08-31 09:00:00-04:00,9,0,PRE,False,True,False,7.082962049032428
1788184800,219.73,18428050.974374,219.81,6740.63,0.0,2026-08-31 14:00:00+00:00,2026-08-31 10:00:00-04:00,10,0,RTH,False,True,True,3.6408319300965966
1788188400,219.5,10228002.194906004,219.66,1819.11,0.0,2026-08-31 15:00:00+00:00,2026-08-31 11:00:00-04:00,11,0,RTH,False,True,True,7.289293849658159
1788192000,220.19,7330217.291737001,220.35,686.17,0.0,2026-08-31 16:00:00+00:00,2026-08-31 12:00:00-04:00,12,0,RTH,False,True,True,7.266451700803697
1788195600,219.545,7124937.171332998,219.77,515.06,0.0,2026-08-31 17:00:00+00:00,2026-08-31 13:00:00-04:00,13,0,RTH,False,True,True,10.248468423331104
1788199200,218.58,10809196.572725002,218.72,2620.17,0.0,2026-08-31 18:00:00+00:00,2026-08-31 14:00:00-04:00,14,0,RTH,False,True,True,6.404977582577836
1788202800,220.86,24629922.258735,220.87,2768.14,0.0,2026-08-31 19:00:00+00:00,2026-08-31 15:00:00-04:00,15,0,RTH,False,True,True,0.4527755138997965
1788206400,220.68,31368481.836043995,220.77,1386.94,0.0,2026-08-31 20:00:00+00:00,2026-08-31 16:00:00-04:00,16,0,AH,False,True,False,4.078303425775032
1788210000,220.53,225135.28902999996,220.65,1385.04,0.0,2026-08-31 21:00:00+00:00,2026-08-31 17:00:00-04:00,17,0,AH,False,True,False,5.441436539246567
1788213600,220.27,165016.57540099995,220.42,227.54,0.0,2026-08-31 22:00:00+00:00,2026-08-31 18:00:00-04:00,18,0,AH,False,True,False,6.809824306531858
1788217200,220.25,278453.570717,220.44,254.61,0.0,2026-08-31 23:00:00+00:00,2026-08-31 19:00:00-04:00,19,0,AH,False,True,False,8.626560726447115
1788220800,220.35,220.0,220.57,314.0,0.0,2026-09-01 00:00:00+00:00,2026-08-31 20:00:00-04:00,20,0,ON,False,True,False,9.984116178806392
1788224400,220.15,27030.0,220.36,134.36,0.0,2026-09-01 01:00:00+00:00,2026-08-31 21:00:00-04:00,21,0,ON,False,True,False,9.538950715421665
1788228000,220.18,51209.0,220.3,207.32,0.0,2026-09-01 02:00:00+00:00,2026-08-31 22:00:00-04:00,22,0,ON,False,True,False,5.45008629303318
1788231600,219.95,25326.0,220.19,218.79,0.0,2026-09-01 03:00:00+00:00,2026-08-31 23:00:00-04:00,23,0,ON,False,True,False,10.911570811548494
1788235200,220.06,26184.0,220.27,204.2,0.0,2026-09-01 04:00:00+00:00,2026-09-01 00:00:00-04:00,0,1,ON,False,True,False,9.542851949468687
1788238800,220.75,38550.0,220.88,513.46,0.0,2026-09-01 05:00:00+00:00,2026-09-01 01:00:00-04:00,1,1,ON,False,True,False,5.889014722536601
1788242400,220.45,36193.0,220.58,442.04,0.0,2026-09-01 06:00:00+00:00,2026-09-01 02:00:00-04:00,2,1,ON,False,True,False,5.8970288047187065
1788246000,219.98,38816.0,220.17,248.17,0.0,2026-09-01 07:00:00+00:00,2026-09-01 03:00:00-04:00,3,1,ON,False,True,False,8.63714883171187
1788249600,218.01,678584.7569960002,218.11,3164.66,0.0,2026-09-01 08:00:00+00:00,2026-09-01 04:00:00-04:00,4,1,PRE,False,True,False,4.58694555295733
1788253200,218.15,266257.569775,218.4,1484.8,0.0,2026-09-01 09:00:00+00:00,2026-09-01 05:00:00-04:00,5,1,PRE,False,True,False,11.460004584001833
1788256800,217.89,179649.708034,218.18,995.66,0.0,2026-09-01 10:00:00+00:00,2026-09-01 06:00:00-04:00,6,1,PRE,False,True,False,13.309468080224907
1788260400,217.39,660156.8962369999,217.63,1143.2,0.0,2026-09-01 11:00:00+00:00,2026-09-01 07:00:00-04:00,7,1,PRE,False,True,False,11.040066240397863
1788264000,217.03,1379238.532992,217.31,2237.13,0.0,2026-09-01 12:00:00+00:00,2026-09-01 08:00:00-04:00,8,1,PRE,False,True,False,12.901442196931352
1788267600,216.96,16762954.218202,217.18,13608.05,0.0,2026-09-01 13:00:00+00:00,2026-09-01 09:00:00-04:00,9,1,PRE,False,True,False,10.140117994100242
1788271200,218.043,18512852.726228,218.3,4436.65,0.0,2026-09-01 14:00:00+00:00,2026-09-01 10:00:00-04:00,10,1,RTH,False,True,True,11.786665932866681
1788274800,220.25,12703912.82419,220.39,4273.94,0.0,2026-09-01 15:00:00+00:00,2026-09-01 11:00:00-04:00,11,1,RTH,False,True,True,6.3564131668552255
1788278400,219.7,8804038.019596001,219.89,2022.5,0.0,2026-09-01 16:00:00+00:00,2026-09-01 12:00:00-04:00,12,1,RTH,False,True,True,8.648156577150557
1788282000,217.98,7713959.884853001,218.26,2069.9,0.0,2026-09-01 17:00:00+00:00,2026-09-01 13:00:00-04:00,13,1,RTH,False,True,True,12.84521515735394
1788285600,217.349,13320550.428185,217.53,1598.13,0.0,2026-09-01 18:00:00+00:00,2026-09-01 14:00:00-04:00,14,1,RTH,False,True,True,8.327620554960529
1788289200,217.48,13573412.419149004,217.72,1227.99,0.0,2026-09-01 19:00:00+00:00,2026-09-01 15:00:00-04:00,15,1,RTH,False,True,True,11.035497517013477
1788292800,217.49,21171822.26698599,217.75,1466.92,0.0,2026-09-01 20:00:00+00:00,2026-09-01 16:00:00-04:00,16,1,AH,False,True,False,11.954572624028271
1788296400,217.61,2461497.87698,217.88,986.7,0.0,2026-09-01 21:00:00+00:00,2026-09-01 17:00:00-04:00,17,1,AH,False,True,False,12.407518036854087
1788300000,217.37,188518.30068400005,217.79,237.78,0.0,2026-09-01 22:00:00+00:00,2026-09-01 18:00:00-04:00,18,1,AH,False,True,False,19.32189354556689
1788303600,217.49,163540.87807199996,217.75,228.77,0.0,2026-09-01 23:00:00+00:00,2026-09-01 19:00:00-04:00,19,1,AH,False,True,False,11.954572624028271
1788307200,217.42,1.0,217.67,367.19,0.000128,2026-09-02 00:00:00+00:00,2026-09-01 20:00:00-04:00,20,1,ON,False,True,False,11.498482200349555
1788310800,217.16,34253.0,217.39,869.07,0.000128,2026-09-02 01:00:00+00:00,2026-09-01 21:00:00-04:00,21,1,ON,False,True,False,10.591269110332924
1788314400,217.21,25571.0,217.47,632.71,0.000128,2026-09-02 02:00:00+00:00,2026-09-01 22:00:00-04:00,22,1,ON,False,True,False,11.969982965793053
1788318000,216.99,36649.0,217.24,269.36,0.000128,2026-09-02 03:00:00+00:00,2026-09-01 23:00:00-04:00,23,1,ON,False,True,False,11.521268261210194
1788321600,217.08,26177.0,217.26,215.69,0.000128,2026-09-02 04:00:00+00:00,2026-09-02 00:00:00-04:00,0,2,ON,False,True,False,8.29187396351476
1788325200,217.44,20957.0,217.64,477.32,0.000128,2026-09-02 05:00:00+00:00,2026-09-02 01:00:00-04:00,1,2,ON,False,True,False,9.197939661515298
1788328800,217.38,29951.0,217.65,380.33,0.000128,2026-09-02 06:00:00+00:00,2026-09-02 02:00:00-04:00,2,2,ON,False,True,False,12.420645873585897
1788332400,217.37,30834.0,217.6,495.08,0.000128,2026-09-02 07:00:00+00:00,2026-09-02 03:00:00-04:00,3,2,ON,False,True,False,10.581036941619809
1788336000,216.81,375503.4953780001,216.98,1016.47,0.0,2026-09-02 08:00:00+00:00,2026-09-02 04:00:00-04:00,4,2,PRE,False,True,False,7.840966745075757
1788339600,216.69,210364.167016,216.98,495.02,0.0,2026-09-02 09:00:00+00:00,2026-09-02 05:00:00-04:00,5,2,PRE,False,True,False,13.383174119709818
1788343200,216.52,87264.92333200002,216.96,1226.19,0.0,2026-09-02 10:00:00+00:00,2026-09-02 06:00:00-04:00,6,2,PRE,False,True,False,20.321448365047
1788346800,217.39,349069.7897170001,217.67,1245.15,0.0,2026-09-02 11:00:00+00:00,2026-09-02 07:00:00-04:00,7,2,PRE,False,True,False,12.880077280463734
1788350400,217.775,1432765.329882,217.97,2301.27,0.0,2026-09-02 12:00:00+00:00,2026-09-02 08:00:00-04:00,8,2,PRE,False,True,False,8.954195844334436
1788354000,221.49,15801460.700378995,221.66,11375.33,0.0,2026-09-02 13:00:00+00:00,2026-09-02 09:00:00-04:00,9,2,PRE,False,True,False,7.675290080815725
1788357600,224.01,27985446.466126,224.14,15721.03,0.0,2026-09-02 14:00:00+00:00,2026-09-02 10:00:00-04:00,10,2,RTH,False,True,True,5.803312352126934
1788361200,227.605,33158601.879751008,227.63,13905.13,0.0,2026-09-02 15:00:00+00:00,2026-09-02 11:00:00-04:00,11,2,RTH,False,True,True,1.0983941477562307
1788364800,225.755,16843392.745341,225.86,4967.64,0.0,2026-09-02 16:00:00+00:00,2026-09-02 12:00:00-04:00,12,2,RTH,False,True,True,4.651059777192895
1788368400,224.655,13648415.779498003,224.76,7654.27,0.0,2026-09-02 17:00:00+00:00,2026-09-02 13:00:00-04:00,13,2,RTH,False,True,True,4.673833210922961
1788372000,224.51,10225076.652603004,224.63,998.38,0.0,2026-09-02 18:00:00+00:00,2026-09-02 14:00:00-04:00,14,2,RTH,False,True,True,5.344973497839943
1788375600,224.33,15350275.353260998,224.32,1836.14,0.0,2026-09-02 19:00:00+00:00,2026-09-02 15:00:00-04:00,15,2,RTH,False,True,True,-0.44577185396600216
1788379200,224.07,21162123.523984984,224.12,4057.74,0.0,2026-09-02 20:00:00+00:00,2026-09-02 16:00:00-04:00,16,2,AH,False,True,False,2.23144553041511
1788382800,224.94,644288.9820240003,225.19,3202.58,0.0,2026-09-02 21:00:00+00:00,2026-09-02 17:00:00-04:00,17,2,AH,False,True,False,11.114074864408286
1788386400,225.03,191813.437937,225.18,786.0,0.0,2026-09-02 22:00:00+00:00,2026-09-02 18:00:00-04:00,18,2,AH,False,True,False,6.665777896280749
1788390000,225.41,289196.54834900005,225.5,351.19,0.0,2026-09-02 23:00:00+00:00,2026-09-02 19:00:00-04:00,19,2,AH,False,True,False,3.9927243689278833
1788393600,225.02,51287.0,225.14,875.09,0.0,2026-09-03 00:00:00+00:00,2026-09-02 20:00:00-04:00,20,2,ON,False,True,False,5.33285930139437
1788397200,224.87,33104.0,224.97,486.74,0.0,2026-09-03 01:00:00+00:00,2026-09-02 21:00:00-04:00,21,2,ON,False,True,False,4.447013830212759
1788400800,225.1,27350.0,225.18,558.65,0.0,2026-09-03 02:00:00+00:00,2026-09-02 22:00:00-04:00,22,2,ON,False,True,False,3.5539760106624834
1788404400,225.95,69010.0,226.04,1063.7,0.0,2026-09-03 03:00:00+00:00,2026-09-02 23:00:00-04:00,23,2,ON,False,True,False,3.9831821199381903
1788408000,226.22,50658.0,226.34,607.7,0.0,2026-09-03 04:00:00+00:00,2026-09-03 00:00:00-04:00,0,3,ON,False,True,False,5.304570771815249
1788411600,225.72,86057.0,225.83,1454.68,0.0,2026-09-03 05:00:00+00:00,2026-09-03 01:00:00-04:00,1,3,ON,False,True,False,4.873294346979161
1788415200,225.72,36200.0,225.76,475.93,0.0,2026-09-03 06:00:00+00:00,2026-09-03 02:00:00-04:00,2,3,ON,False,True,False,1.7721070352645774
1788418800,225.84,58395.0,226.02,332.1,0.0,2026-09-03 07:00:00+00:00,2026-09-03 03:00:00-04:00,3,3,ON,False,True,False,7.970244420829207
1788422400,225.458,652378.949529,225.6,2470.34,0.0,2026-09-03 08:00:00+00:00,2026-09-03 04:00:00-04:00,4,3,PRE,False,True,False,6.298290590708509
1788426000,224.642,292649.130053,224.73,1359.66,0.0,2026-09-03 09:00:00+00:00,2026-09-03 05:00:00-04:00,5,3,PRE,False,True,False,3.917344040740105
1788429600,224.794,296018.460046,224.94,498.13,0.0,2026-09-03 10:00:00+00:00,2026-09-03 06:00:00-04:00,6,3,PRE,False,True,False,6.494835271403444
1788433200,223.398,1107386.196817,223.5,4444.49,0.0,2026-09-03 11:00:00+00:00,2026-09-03 07:00:00-04:00,7,3,PRE,False,True,False,4.5658421292940785
1788436800,225.853,3890602.753995,225.95,3952.92,0.0,2026-09-03 12:00:00+00:00,2026-09-03 08:00:00-04:00,8,3,PRE,False,True,False,4.294828937405303
1788440400,228.29,27151964.119477,228.26,11821.89,0.0,2026-09-03 13:00:00+00:00,2026-09-03 09:00:00-04:00,9,3,PRE,False,True,False,-1.3141180077971502
1788444000,226.16,25203583.377765,226.19,8007.72,0.0,2026-09-03 14:00:00+00:00,2026-09-03 10:00:00-04:00,10,3,RTH,False,True,True,1.326494517156046
1788447600,227.482,17974744.395326,227.52,4177.84,0.0,2026-09-03 15:00:00+00:00,2026-09-03 11:00:00-04:00,11,3,RTH,False,True,True,1.670461838739369
1788451200,227.51,11806798.331412,227.43,751.88,0.0,2026-09-03 16:00:00+00:00,2026-09-03 12:00:00-04:00,12,3,RTH,False,True,True,-3.516328952572814
1788454800,230.025,30495794.868623,229.94,8447.93,0.0,2026-09-03 17:00:00+00:00,2026-09-03 13:00:00-04:00,13,3,RTH,False,True,True,-3.6952505162485796
1788458400,229.425,16450339.212139,229.5,2780.23,0.0,2026-09-03 18:00:00+00:00,2026-09-03 14:00:00-04:00,14,3,RTH,False,True,True,3.2690421706435058
1788462000,228.41,19352803.306108,228.92,25980.24,0.0,2026-09-03 19:00:00+00:00,2026-09-03 15:00:00-04:00,15,3,RTH,False,True,True,22.328269340221134
1788465600,228.485,17646058.918023,228.83,3307.91,0.0,2026-09-03 20:00:00+00:00,2026-09-03 16:00:00-04:00,16,3,AH,False,True,False,15.099459483117004
1788469200,228.875,2574054.650154,228.99,807.95,0.0,2026-09-03 21:00:00+00:00,2026-09-03 17:00:00-04:00,17,3,AH,False,True,False,5.02457673402552
1788472800,229.463,674330.079463,229.6,1029.52,0.0,2026-09-03 22:00:00+00:00,2026-09-03 18:00:00-04:00,18,3,AH,False,True,False,5.970461468733541
1788476400,229.687,578394.67129,229.77,1213.98,0.0,2026-09-03 23:00:00+00:00,2026-09-03 19:00:00-04:00,19,3,AH,False,True,False,3.6136133085459083
1788480000,229.84,56804.0,229.98,721.88,0.000291,2026-09-04 00:00:00+00:00,2026-09-03 20:00:00-04:00,20,3,ON,False,True,False,6.09119387399871
1788483600,229.68,38100.0,229.85,621.97,0.000291,2026-09-04 01:00:00+00:00,2026-09-03 21:00:00-04:00,21,3,ON,False,True,False,7.401602229187891
1788487200,230.03,37207.0,230.16,293.68,0.000291,2026-09-04 02:00:00+00:00,2026-09-03 22:00:00-04:00,22,3,ON,False,True,False,5.6514367691168745
1788490800,229.88,29284.0,230.08,380.65,0.000291,2026-09-04 03:00:00+00:00,2026-09-03 23:00:00-04:00,23,3,ON,False,True,False,8.700191404211635
1788494400,230.27,27452.0,230.4,1312.65,0.000291,2026-09-04 04:00:00+00:00,2026-09-04 00:00:00-04:00,0,4,ON,False,True,False,5.645546532331413
1788498000,230.26,54484.0,230.4,1033.41,0.000291,2026-09-04 05:00:00+00:00,2026-09-04 01:00:00-04:00,1,4,ON,False,True,False,6.080083384001337
1788501600,229.61,58709.0,229.87,686.0,0.000291,2026-09-04 06:00:00+00:00,2026-09-04 02:00:00-04:00,2,4,ON,False,True,False,11.32354862593053
1788505200,230.28,85111.0,230.49,524.28,0.000291,2026-09-04 07:00:00+00:00,2026-09-04 03:00:00-04:00,3,4,ON,False,True,False,9.119332985930518
1788508800,230.535,899175.240013,230.84,3033.92,0.0,2026-09-04 08:00:00+00:00,2026-09-04 04:00:00-04:00,4,4,PRE,False,True,False,13.23009521330847
1788512400,230.896,461452.004841,231.15,1053.12,0.0,2026-09-04 09:00:00+00:00,2026-09-04 05:00:00-04:00,5,4,PRE,False,True,False,11.000623657405027
1788516000,231.455,1273663.688532,231.72,3910.88,0.0,2026-09-04 10:00:00+00:00,2026-09-04 06:00:00-04:00,6,4,PRE,False,True,False,11.449309801040648
1788519600,231.196,1763647.72762,231.42,800.56,0.0,2026-09-04 11:00:00+00:00,2026-09-04 07:00:00-04:00,7,4,PRE,False,True,False,9.688748940292633
1788523200,230.535,2640974.919401,230.7,7996.77,0.0,2026-09-04 12:00:00+00:00,2026-09-04 08:00:00-04:00,8,4,PRE,False,True,False,7.157264623592602
1788526800,234.56,38674675.936953,234.72,13996.25,0.0,2026-09-04 13:00:00+00:00,2026-09-04 09:00:00-04:00,9,4,PRE,False,True,False,6.82128240109126
1788530400,232.24,34010073.036914,232.4,6144.93,0.0,2026-09-04 14:00:00+00:00,2026-09-04 10:00:00-04:00,10,4,RTH,False,True,True,6.8894247330346445
1788534000,231.045,19483604.931882,231.33,2581.28,0.0,2026-09-04 15:00:00+00:00,2026-09-04 11:00:00-04:00,11,4,RTH,False,True,True,12.335259365059837
1788537600,231.57,16715925.489586,231.77,1817.2,8.4e-05,2026-09-04 16:00:00+00:00,2026-09-04 12:00:00-04:00,12,4,RTH,False,True,True,8.636697326942913
1788541200,230.2654,12795337.626316,230.5,1265.53,8.4e-05,2026-09-04 17:00:00+00:00,2026-09-04 13:00:00-04:00,13,4,RTH,False,True,True,10.188243652758963
1788544800,230.605,11996039.157628,230.85,1475.84,8.4e-05,2026-09-04 18:00:00+00:00,2026-09-04 14:00:00-04:00,14,4,RTH,False,True,True,10.624227575291279
1788548400,230.36,20696557.661291,230.55,3084.52,8.4e-05,2026-09-04 19:00:00+00:00,2026-09-04 15:00:00-04:00,15,4,RTH,False,True,True,8.24795971522824
1788552000,230.0,16368252.309209,230.13,948.38,8.4e-05,2026-09-04 20:00:00+00:00,2026-09-04 16:00:00-04:00,16,4,AH,False,True,False,5.65217391304328
1788555600,230.081,3158880.488179,230.2,1336.23,8.4e-05,2026-09-04 21:00:00+00:00,2026-09-04 17:00:00-04:00,17,4,AH,False,True,False,5.172091567752216
1788559200,229.93,312149.486704,230.09,1310.9,8.4e-05,2026-09-04 22:00:00+00:00,2026-09-04 18:00:00-04:00,18,4,AH,False,True,False,6.958639585960796
1788562800,229.5,414491.406406,229.77,435.45,8.4e-05,2026-09-04 23:00:00+00:00,2026-09-04 19:00:00-04:00,19,4,AH,False,True,False,11.764705882353386
1788566400,229.85,57.9035,230.1,261.49,0.000295,2026-09-05 00:00:00+00:00,2026-09-04 20:00:00-04:00,20,4,WEEKEND,True,False,False,10.876658690450293
1788570000,229.96,9.323,230.22,226.15,0.000295,2026-09-05 01:00:00+00:00,2026-09-04 21:00:00-04:00,21,4,WEEKEND,True,False,False,11.306314141589446
1788573600,229.92,2.9985,230.18,118.56,0.000295,2026-09-05 02:00:00+00:00,2026-09-04 22:00:00-04:00,22,4,WEEKEND,True,False,False,11.308281141267368
1788577200,229.92,1.7277,230.25,80.43,0.000295,2026-09-05 03:00:00+00:00,2026-09-04 23:00:00-04:00,23,4,WEEKEND,True,False,False,14.35281837160806
1788580800,229.85,11.4127,230.29,54.52,0.000295,2026-09-05 04:00:00+00:00,2026-09-05 00:00:00-04:00,0,5,WEEKEND,True,False,False,19.142919295192417
1788584400,229.92,74.5963,230.45,599.95,0.000295,2026-09-05 05:00:00+00:00,2026-09-05 01:00:00-04:00,1,5,WEEKEND,True,False,False,23.051496172581817
1788588000,230.13,9.6565,230.47,478.7,0.000295,2026-09-05 06:00:00+00:00,2026-09-05 02:00:00-04:00,2,5,WEEKEND,True,False,False,14.774258028071237
1788591600,230.19,3.2989,230.61,196.68,0.000295,2026-09-05 07:00:00+00:00,2026-09-05 03:00:00-04:00,3,5,WEEKEND,True,False,False,18.245796950346058
1788595200,230.22,3.3919,230.69,154.2,0.0,2026-09-05 08:00:00+00:00,2026-09-05 04:00:00-04:00,4,5,WEEKEND,True,False,False,20.415254973503554
1788598800,230.3,6.7452,230.68,128.64,0.0,2026-09-05 09:00:00+00:00,2026-09-05 05:00:00-04:00,5,5,WEEKEND,True,False,False,16.500217108119646
1788602400,230.25,3.2431,230.6,116.75,0.0,2026-09-05 10:00:00+00:00,2026-09-05 06:00:00-04:00,6,5,WEEKEND,True,False,False,15.200868621063814
1788606000,230.22,11.723,230.75,142.52,0.0,2026-09-05 11:00:00+00:00,2026-09-05 07:00:00-04:00,7,5,WEEKEND,True,False,False,23.02145773607858
1788609600,230.29,2.6495,230.77,195.38,0.0,2026-09-05 12:00:00+00:00,2026-09-05 08:00:00-04:00,8,5,WEEKEND,True,False,False,20.843284554258467
1788613200,230.5,22.0552,230.82,216.29,0.0,2026-09-05 13:00:00+00:00,2026-09-05 09:00:00-04:00,9,5,WEEKEND,True,False,False,13.882863340563695
1788616800,230.55,3.7887,231.01,75.0,0.0,2026-09-05 14:00:00+00:00,2026-09-05 10:00:00-04:00,10,5,WEEKEND,True,False,False,19.95228800693904
1788620400,230.76,10.4574,231.19,146.73,0.0,2026-09-05 15:00:00+00:00,2026-09-05 11:00:00-04:00,11,5,WEEKEND,True,False,False,18.634078696481488
1788624000,230.88,36.1233,231.32,273.17,0.0,2026-09-05 16:00:00+00:00,2026-09-05 12:00:00-04:00,12,5,WEEKEND,True,False,False,19.05751905751896
1788627600,230.72,90.5753,231.27,138.64,0.0,2026-09-05 17:00:00+00:00,2026-09-05 13:00:00-04:00,13,5,WEEKEND,True,False,False,23.8384188626912
1788631200,230.79,10.7963,231.03,403.7,0.0,2026-09-05 18:00:00+00:00,2026-09-05 14:00:00-04:00,14,5,WEEKEND,True,False,False,10.399064084232812
1788634800,230.82,19.0361,231.0,118.72,0.0,2026-09-05 19:00:00+00:00,2026-09-05 15:00:00-04:00,15,5,WEEKEND,True,False,False,7.798284377437259
1788638400,230.81,1.5656,230.89,166.99,0.0,2026-09-05 20:00:00+00:00,2026-09-05 16:00:00-04:00,16,5,WEEKEND,True,False,False,3.4660543304009397
1788642000,230.66,2.7488,230.96,82.1,0.0,2026-09-05 21:00:00+00:00,2026-09-05 17:00:00-04:00,17,5,WEEKEND,True,False,False,13.006156247290876
1788645600,230.71,1.9432,231.19,89.62,0.0,2026-09-05 22:00:00+00:00,2026-09-05 18:00:00-04:00,18,5,WEEKEND,True,False,False,20.80534003727579
1788649200,230.9,22.1587,231.11,380.22,0.0,2026-09-05 23:00:00+00:00,2026-09-05 19:00:00-04:00,19,5,WEEKEND,True,False,False,9.094846253789864
1788652800,230.96,2.8489,231.15,130.77,0.0,2026-09-06 00:00:00+00:00,2026-09-05 20:00:00-04:00,20,5,WEEKEND,True,False,False,8.22653273294067
1788656400,231.02,1.9171,231.24,234.87,0.0,2026-09-06 01:00:00+00:00,2026-09-05 21:00:00-04:00,21,5,WEEKEND,True,False,False,9.522985022941686
1788660000,231.0,1.3384,231.27,346.04,0.0,2026-09-06 02:00:00+00:00,2026-09-05 22:00:00-04:00,22,5,WEEKEND,True,False,False,11.688311688312131
1788663600,230.92,10.6468,231.16,476.32,0.0,2026-09-06 03:00:00+00:00,2026-09-05 23:00:00-04:00,23,5,WEEKEND,True,False,False,10.39320976961758
1788667200,230.99,4.218,231.24,325.75,0.0,2026-09-06 04:00:00+00:00,2026-09-06 00:00:00-04:00,0,6,WEEKEND,True,False,False,10.8229793497554
1788670800,231.05,9.7218,231.31,392.79,0.0,2026-09-06 05:00:00+00:00,2026-09-06 01:00:00-04:00,1,6,WEEKEND,True,False,False,11.252975546418131
1788674400,231.02,9.617,231.25,576.87,0.0,2026-09-06 06:00:00+00:00,2026-09-06 02:00:00-04:00,2,6,WEEKEND,True,False,False,9.955847978529555
1788678000,231.16,24.7147,231.29,708.68,0.0,2026-09-06 07:00:00+00:00,2026-09-06 03:00:00-04:00,3,6,WEEKEND,True,False,False,5.623810347810843
1788681600,231.09,11.5423,231.33,186.76,0.0,2026-09-06 08:00:00+00:00,2026-09-06 04:00:00-04:00,4,6,WEEKEND,True,False,False,10.385564065948724
1788685200,231.33,15.5412,231.54,1192.15,0.0,2026-09-06 09:00:00+00:00,2026-09-06 05:00:00-04:00,5,6,WEEKEND,True,False,False,9.077940604330589
1788688800,231.31,8.1129,231.48,602.07,0.0,2026-09-06 10:00:00+00:00,2026-09-06 06:00:00-04:00,6,6,WEEKEND,True,False,False,7.349444468461696
1788692400,231.4,6.4475,231.5,557.99,0.0,2026-09-06 11:00:00+00:00,2026-09-06 07:00:00-04:00,7,6,WEEKEND,True,False,False,4.321521175453514
1788696000,231.4,10.6376,231.53,995.83,0.0,2026-09-06 12:00:00+00:00,2026-09-06 08:00:00-04:00,8,6,WEEKEND,True,False,False,5.617977528089691
1788699600,231.23,7.0811,231.24,425.21,0.0,2026-09-06 13:00:00+00:00,2026-09-06 09:00:00-04:00,9,6,WEEKEND,True,False,False,0.4324698352298286
1788703200,231.1,19.5477,231.21,486.3,0.0,2026-09-06 14:00:00+00:00,2026-09-06 10:00:00-04:00,10,6,WEEKEND,True,False,False,4.759844223280556
1788706800,231.27,26.7838,231.28,325.22,0.0,2026-09-06 15:00:00+00:00,2026-09-06 11:00:00-04:00,11,6,WEEKEND,True,False,False,0.4323950361045923
1788710400,231.25,19.4998,231.29,332.21,0.0,2026-09-06 16:00:00+00:00,2026-09-06 12:00:00-04:00,12,6,WEEKEND,True,False,False,1.7297297297293857
1788714000,230.92,55.7016,231.36,325.03,0.0,2026-09-06 17:00:00+00:00,2026-09-06 13:00:00-04:00,13,6,WEEKEND,True,False,False,19.05421791096597
1788717600,230.93,20.3016,231.38,336.98,0.0,2026-09-06 18:00:00+00:00,2026-09-06 14:00:00-04:00,14,6,WEEKEND,True,False,False,19.48642445762736
1788721200,231.14,4.5473,231.49,264.06,0.0,2026-09-06 19:00:00+00:00,2026-09-06 15:00:00-04:00,15,6,WEEKEND,True,False,False,15.142337976984631
1788724800,231.12,16.7192,231.45,360.16,0.0,2026-09-06 20:00:00+00:00,2026-09-06 16:00:00-04:00,16,6,WEEKEND,True,False,False,14.278296988576672
1788728400,231.32,14.1316,231.55,450.48,0.0,2026-09-06 21:00:00+00:00,2026-09-06 17:00:00-04:00,17,6,WEEKEND,True,False,False,9.942936192288528
1788732000,231.22,7.9434,231.34,1152.46,0.0,2026-09-06 22:00:00+00:00,2026-09-06 18:00:00-04:00,18,6,WEEKEND,True,False,False,5.189862468644778
1788735600,231.09,2.9649,231.25,667.61,0.0,2026-09-06 23:00:00+00:00,2026-09-06 19:00:00-04:00,19,6,WEEKEND,True,False,False,6.9237093772987395
1788739200,231.13,35.3028,231.26,367.12,0.0,2026-09-07 00:00:00+00:00,2026-09-06 20:00:00-04:00,20,6,WEEKEND,True,False,False,5.624540301994352
1788742800,230.98,371.5799,231.47,1488.79,0.0,2026-09-07 01:00:00+00:00,2026-09-06 21:00:00-04:00,21,6,WEEKEND,True,False,False,21.21395791843489
1788746400,231.32,30.2221,231.63,738.32,0.0,2026-09-07 02:00:00+00:00,2026-09-06 22:00:00-04:00,22,6,WEEKEND,True,False,False,13.401348780909661
1788750000,231.46,15.4617,231.64,156.62,0.0,2026-09-07 03:00:00+00:00,2026-09-06 23:00:00-04:00,23,6,WEEKEND,True,False,False,7.776721679770949
1788753600,231.46,8.9792,231.82,380.2,0.0,2026-09-07 04:00:00+00:00,2026-09-07 00:00:00-04:00,0,0,ON,False,True,False,15.553443359543127
1788757200,231.61,19.1752,231.83,304.32,0.0,2026-09-07 05:00:00+00:00,2026-09-07 01:00:00-04:00,1,0,ON,False,True,False,9.498726307154218
1788760800,231.82,41.7006,232.22,981.54,0.0,2026-09-07 06:00:00+00:00,2026-09-07 02:00:00-04:00,2,0,ON,False,True,False,17.254766629281583
1788764400,232.1,48.939,232.49,3190.58,0.0,2026-09-07 07:00:00+00:00,2026-09-07 03:00:00-04:00,3,0,ON,False,True,False,16.80310211115962
1788768000,232.78,46.5629,233.15,3606.26,0.0,2026-09-07 08:00:00+00:00,2026-09-07 04:00:00-04:00,4,0,PRE,False,True,False,15.894836326145054
1788771600,232.24,47.8249,232.14,2408.47,0.0,2026-09-07 09:00:00+00:00,2026-09-07 05:00:00-04:00,5,0,PRE,False,True,False,-4.305890458147724
1788775200,232.27,28.8753,232.26,2017.17,0.0,2026-09-07 10:00:00+00:00,2026-09-07 06:00:00-04:00,6,0,PRE,False,True,False,-0.43053343092174307
1788778800,232.18,106.407,232.0,1354.45,0.0,2026-09-07 11:00:00+00:00,2026-09-07 07:00:00-04:00,7,0,PRE,False,True,False,-7.7526057369285395
1788782400,232.2,47.2963,232.27,1145.41,0.0,2026-09-07 12:00:00+00:00,2026-09-07 08:00:00-04:00,8,0,PRE,False,True,False,3.014642549527201
1788786000,231.95,20.2071,232.37,1758.09,0.0,2026-09-07 13:00:00+00:00,2026-09-07 09:00:00-04:00,9,0,PRE,False,True,False,18.10735072213908
1788789600,232.08,18.8068,232.31,2189.84,0.0,2026-09-07 14:00:00+00:00,2026-09-07 10:00:00-04:00,10,0,RTH,False,True,True,9.910375732505592
1788793200,231.88,17.5963,231.8,5597.95,0.0,2026-09-07 15:00:00+00:00,2026-09-07 11:00:00-04:00,11,0,RTH,False,True,True,-3.4500603760558946
1788796800,231.83,14.6586,231.71,505.46,0.0,2026-09-07 16:00:00+00:00,2026-09-07 12:00:00-04:00,12,0,RTH,False,True,True,-5.1762067031878765
1788800400,231.93,24.6679,232.03,365.45,0.0,2026-09-07 17:00:00+00:00,2026-09-07 13:00:00-04:00,13,0,RTH,False,True,True,4.311645755184509
1788804000,231.79,19.8623,232.08,406.03,0.0,2026-09-07 18:00:00+00:00,2026-09-07 14:00:00-04:00,14,0,RTH,False,True,True,12.511324906165948
1788807600,231.96,4.1156,232.38,689.91,0.0,2026-09-07 19:00:00+00:00,2026-09-07 15:00:00-04:00,15,0,RTH,False,True,True,18.10657009829227
1788811200,231.79,5.6364,232.19,304.57,0.0,2026-09-07 20:00:00+00:00,2026-09-07 16:00:00-04:00,16,0,AH,False,True,False,17.25699987057275
1788814800,231.83,9.4039,232.21,397.21,0.0,2026-09-07 21:00:00+00:00,2026-09-07 17:00:00-04:00,17,0,AH,False,True,False,16.39132122676079
1788818400,231.61,24.665,231.45,1246.36,0.0,2026-09-07 22:00:00+00:00,2026-09-07 18:00:00-04:00,18,0,AH,False,True,False,-6.908164587022365
1788822000,231.47,9.6269,231.5,343.66,0.0,2026-09-07 23:00:00+00:00,2026-09-07 19:00:00-04:00,19,0,AH,False,True,False,1.2960642847885748
1788825600,231.83,217616.0,232.02,7910.43,0.0,2026-09-08 00:00:00+00:00,2026-09-07 20:00:00-04:00,20,0,ON,False,True,False,8.195660613380396
1788829200,232.51,136199.0,232.72,770.46,0.0,2026-09-08 01:00:00+00:00,2026-09-07 21:00:00-04:00,21,0,ON,False,True,False,9.031869597006922
1788832800,232.27,90942.0,232.44,910.31,0.0,2026-09-08 02:00:00+00:00,2026-09-07 22:00:00-04:00,22,0,ON,False,True,False,7.319068325654949
1788836400,232.96,73110.0,233.2,688.26,0.0,2026-09-08 03:00:00+00:00,2026-09-07 23:00:00-04:00,23,0,ON,False,True,False,10.302197802196972
1788840000,232.92,47787.0,233.09,799.37,0.0,2026-09-08 04:00:00+00:00,2026-09-08 00:00:00-04:00,0,1,ON,False,True,False,7.298643311008756
1788843600,231.91,73206.0,232.07,682.54,0.0,2026-09-08 05:00:00+00:00,2026-09-08 01:00:00-04:00,1,1,ON,False,True,False,6.899228148850701
1788847200,231.23,103912.0,231.46,1407.44,0.0,2026-09-08 06:00:00+00:00,2026-09-08 02:00:00-04:00,2,1,ON,False,True,False,9.94680621026762
1788850800,231.28,82805.0,231.44,1065.48,0.0,2026-09-08 07:00:00+00:00,2026-09-08 03:00:00-04:00,3,1,ON,False,True,False,6.918021445866335
1788854400,230.5488,834471.946284,230.73,2885.73,0.0,2026-09-08 08:00:00+00:00,2026-09-08 04:00:00-04:00,4,1,PRE,False,True,False,7.859507401469442
1788858000,231.75,281617.857703,231.85,1790.82,0.0,2026-09-08 09:00:00+00:00,2026-09-08 05:00:00-04:00,5,1,PRE,False,True,False,4.314994606256497
1788861600,231.18,386670.522823,231.37,2038.36,0.0,2026-09-08 10:00:00+00:00,2026-09-08 06:00:00-04:00,6,1,PRE,False,True,False,8.218704040141782
1788865200,231.71,755992.786585,231.82,2953.21,0.0,2026-09-08 11:00:00+00:00,2026-09-08 07:00:00-04:00,7,1,PRE,False,True,False,4.747313452159389
1788868800,232.2441,1077287.760955,232.46,2145.76,0.0,2026-09-08 12:00:00+00:00,2026-09-08 08:00:00-04:00,8,1,PRE,False,True,False,9.296253381679227
1788872400,229.5712,22731703.832617,229.76,8364.03,0.0,2026-09-08 13:00:00+00:00,2026-09-08 09:00:00-04:00,9,1,PRE,False,True,False,8.224028101085255
1788876000,227.055,20697485.143529,227.29,6686.98,0.0,2026-09-08 14:00:00+00:00,2026-09-08 10:00:00-04:00,10,1,RTH,False,True,True,10.349915218778941
1788879600,226.26,18351049.668438,226.45,3635.24,0.0,2026-09-08 15:00:00+00:00,2026-09-08 11:00:00-04:00,11,1,RTH,False,True,True,8.397418898612116
1788883200,225.75,14727196.638704,225.92,3461.46,0.0,2026-09-08 16:00:00+00:00,2026-09-08 12:00:00-04:00,12,1,RTH,False,True,True,7.530454042081395
1788886800,225.765,9737405.085878,225.95,2694.63,0.0,2026-09-08 17:00:00+00:00,2026-09-08 13:00:00-04:00,13,1,RTH,False,True,True,8.194361393484478
1788890400,225.675,9660650.120282,225.86,4253.11,0.0,2026-09-08 18:00:00+00:00,2026-09-08 14:00:00-04:00,14,1,RTH,False,True,True,8.197629334219664
1788894000,225.73,17876530.605525,225.95,2398.85,0.0,2026-09-08 19:00:00+00:00,2026-09-08 15:00:00-04:00,15,1,RTH,False,True,True,9.746156913126251
1788897600,225.75,19219095.922061,225.9,3026.79,0.0,2026-09-08 20:00:00+00:00,2026-09-08 16:00:00-04:00,16,1,AH,False,True,False,6.644518272425501
1788901200,225.61,3565841.202295,225.79,946.95,0.0,2026-09-08 21:00:00+00:00,2026-09-08 17:00:00-04:00,17,1,AH,False,True,False,7.978369753112823
1788904800,225.9576,298420.514007,226.16,644.76,0.0,2026-09-08 22:00:00+00:00,2026-09-08 18:00:00-04:00,18,1,AH,False,True,False,8.957432721890434
1788908400,225.31,283882.169445,225.48,635.17,0.0,2026-09-08 23:00:00+00:00,2026-09-08 19:00:00-04:00,19,1,AH,False,True,False,7.545160001774777
1788912000,225.97,23162.0,226.14,883.73,5.1e-05,2026-09-09 00:00:00+00:00,2026-09-08 20:00:00-04:00,20,1,ON,False,True,False,7.523122538389498
1788915600,225.92,37669.0,226.13,628.03,5.1e-05,2026-09-09 01:00:00+00:00,2026-09-08 21:00:00-04:00,21,1,ON,False,True,False,9.29532577903718
1788919200,226.09,32503.0,226.3,309.64,5.1e-05,2026-09-09 02:00:00+00:00,2026-09-08 22:00:00-04:00,22,1,ON,False,True,False,9.28833650316281
1788922800,225.81,13786.0,226.09,477.76,5.1e-05,2026-09-09 03:00:00+00:00,2026-09-08 23:00:00-04:00,23,1,ON,False,True,False,12.399805145919187
1788926400,226.08,15178.0,226.34,1260.97,5.1e-05,2026-09-09 04:00:00+00:00,2026-09-09 00:00:00-04:00,0,2,ON,False,True,False,11.500353857041352
1788930000,226.05,18967.0,226.35,770.16,5.1e-05,2026-09-09 05:00:00+00:00,2026-09-09 01:00:00-04:00,1,2,ON,False,True,False,13.271400132713246
1788933600,226.08,30542.0,226.28,557.14,5.1e-05,2026-09-09 06:00:00+00:00,2026-09-09 02:00:00-04:00,2,2,ON,False,True,False,8.84642604387777
1788937200,226.25,26529.0,226.46,497.26,5.1e-05,2026-09-09 07:00:00+00:00,2026-09-09 03:00:00-04:00,3,2,ON,False,True,False,9.281767955801456
1788940800,226.09,384308.018655,226.34,1601.81,0.0,2026-09-09 08:00:00+00:00,2026-09-09 04:00:00-04:00,4,2,PRE,False,True,False,11.057543456145781
1788944400,224.2,245857.129318,224.41,1880.53,0.0,2026-09-09 09:00:00+00:00,2026-09-09 05:00:00-04:00,5,2,PRE,False,True,False,9.366636931311685
1788948000,224.39,364885.494693,224.51,4366.7,0.0,2026-09-09 10:00:00+00:00,2026-09-09 06:00:00-04:00,6,2,PRE,False,True,False,5.347831899817486
1788951600,224.864,616690.377624,225.08,5708.07,0.0,2026-09-09 11:00:00+00:00,2026-09-09 07:00:00-04:00,7,2,PRE,False,True,False,9.605806176177964
1788955200,224.6287,413484.697048,224.77,1587.46,0.0,2026-09-09 12:00:00+00:00,2026-09-09 08:00:00-04:00,8,2,PRE,False,True,False,6.290380525729841
1788958800,224.8501,12062711.965841,225.07,5549.63,0.0,2026-09-09 13:00:00+00:00,2026-09-09 09:00:00-04:00,9,2,PRE,False,True,False,9.779848885990958
1788962400,224.465,17102631.785444,224.71,12388.96,0.0,2026-09-09 14:00:00+00:00,2026-09-09 10:00:00-04:00,10,2,RTH,False,True,True,10.914841957543695
1788966000,224.44,12869825.877879,224.55,4944.16,0.0,2026-09-09 15:00:00+00:00,2026-09-09 11:00:00-04:00,11,2,RTH,False,True,True,4.901087150241207
1788969600,224.06,6209817.382943,224.25,1155.47,3.1e-05,2026-09-09 16:00:00+00:00,2026-09-09 12:00:00-04:00,12,2,RTH,False,True,True,8.479871463000881
1788973200,224.235,5250951.79249,224.36,2736.34,3.1e-05,2026-09-09 17:00:00+00:00,2026-09-09 13:00:00-04:00,13,2,RTH,False,True,True,5.574508885767163
1788976800,223.67,5121834.466211,223.8,1442.93,3.1e-05,2026-09-09 18:00:00+00:00,2026-09-09 14:00:00-04:00,14,2,RTH,False,True,True,5.812133947334193
1788980400,223.67,13993713.444362,223.91,5052.63,3.1e-05,2026-09-09 19:00:00+00:00,2026-09-09 15:00:00-04:00,15,2,RTH,False,True,True,10.730093441230792
1788984000,223.68,12247185.572802,223.83,7257.02,3.1e-05,2026-09-09 20:00:00+00:00,2026-09-09 16:00:00-04:00,16,2,AH,False,True,False,6.706008583691241
1788987600,223.58,6870436.119721,223.73,372.45,3.1e-05,2026-09-09 21:00:00+00:00,2026-09-09 17:00:00-04:00,17,2,AH,False,True,False,6.7090079613550975
1788991200,223.5441,169723.006409,223.7,513.79,3.1e-05,2026-09-09 22:00:00+00:00,2026-09-09 18:00:00-04:00,18,2,AH,False,True,False,6.974015417986993
1788994800,223.6277,128081.75453,223.78,190.5,3.1e-05,2026-09-09 23:00:00+00:00,2026-09-09 19:00:00-04:00,19,2,AH,False,True,False,6.810426436438633
1788998400,223.12,44540.0,223.15,4071.96,0.0,2026-09-10 00:00:00+00:00,2026-09-09 20:00:00-04:00,20,2,ON,False,True,False,1.3445679455002302
1789002000,222.89,36789.0,222.93,3721.57,0.0,2026-09-10 01:00:00+00:00,2026-09-09 21:00:00-04:00,21,2,ON,False,True,False,1.7946072053488475
1789005600,223.0,23883.0,223.12,1173.19,0.0,2026-09-10 02:00:00+00:00,2026-09-09 22:00:00-04:00,22,2,ON,False,True,False,5.381165919282715
1789009200,223.13,15001.0,223.23,812.08,0.0,2026-09-10 03:00:00+00:00,2026-09-09 23:00:00-04:00,23,2,ON,False,True,False,4.48169228700732
1789012800,223.17,14437.0,223.31,305.14,0.0,2026-09-10 04:00:00+00:00,2026-09-10 00:00:00-04:00,0,3,ON,False,True,False,6.27324461173163
1789016400,223.21,23028.0,223.41,1323.7,0.0,2026-09-10 05:00:00+00:00,2026-09-10 01:00:00-04:00,1,3,ON,False,True,False,8.960172035302568
1789020000,223.15,26631.0,223.26,1003.4,0.0,2026-09-10 06:00:00+00:00,2026-09-10 02:00:00-04:00,2,3,ON,False,True,False,4.929419672865123
1789023600,222.77,25028.0,223.01,2020.16,0.0,2026-09-10 07:00:00+00:00,2026-09-10 03:00:00-04:00,3,3,ON,False,True,False,10.773443461865632
1789027200,223.2377,402483.436284,223.28,5938.93,0.0,2026-09-10 08:00:00+00:00,2026-09-10 04:00:00-04:00,4,3,PRE,False,True,False,1.8948412387339393
1789030800,223.2975,141551.489186,223.33,1345.95,0.0,2026-09-10 09:00:00+00:00,2026-09-10 05:00:00-04:00,5,3,PRE,False,True,False,1.4554574054791862
1789034400,223.056,129661.896491,223.03,607.79,0.0,2026-09-10 10:00:00+00:00,2026-09-10 06:00:00-04:00,6,3,PRE,False,True,False,-1.165626569113158
1789038000,222.2185,464382.840095,222.31,1322.74,0.0,2026-09-10 11:00:00+00:00,2026-09-10 07:00:00-04:00,7,3,PRE,False,True,False,4.117568969280072
1789041600,220.2792,4708888.766852,220.39,5398.85,0.0,2026-09-10 12:00:00+00:00,2026-09-10 08:00:00-04:00,8,3,PRE,False,True,False,5.02998013430153
1789045200,217.377,19879735.082158,217.62,19641.37,0.0,2026-09-10 13:00:00+00:00,2026-09-10 09:00:00-04:00,9,3,PRE,False,True,False,11.17873556079967
1789048800,218.145,17222627.041487,218.32,4216.68,0.0,2026-09-10 14:00:00+00:00,2026-09-10 10:00:00-04:00,10,3,RTH,False,True,True,8.022187077401863
1789052400,218.78,11546489.522378,219.05,2696.87,0.0,2026-09-10 15:00:00+00:00,2026-09-10 11:00:00-04:00,11,3,RTH,False,True,True,12.341164640278372
1789056000,218.75,12833049.820852,218.93,8664.0,0.0,2026-09-10 16:00:00+00:00,2026-09-10 12:00:00-04:00,12,3,RTH,False,True,True,8.22857142857174
1789059600,218.3709,6991197.869218,218.63,3243.42,0.0,2026-09-10 17:00:00+00:00,2026-09-10 13:00:00-04:00,13,3,RTH,False,True,True,11.865134044874543
1789063200,218.2308,6584337.181833,218.46,2069.29,0.0,2026-09-10 18:00:00+00:00,2026-09-10 14:00:00-04:00,14,3,RTH,False,True,True,10.50264215683671
1789066800,218.36,14787407.98341,218.64,2524.36,0.0,2026-09-10 19:00:00+00:00,2026-09-10 15:00:00-04:00,15,3,RTH,False,True,True,12.822861329912653
1789070400,218.4275,16344800.727106,218.57,1696.97,0.0,2026-09-10 20:00:00+00:00,2026-09-10 16:00:00-04:00,16,3,AH,False,True,False,6.523903812477096
1789074000,218.7685,8674151.154936,218.82,6324.47,0.0,2026-09-10 21:00:00+00:00,2026-09-10 17:00:00-04:00,17,3,AH,False,True,False,2.3540866258169855
1789077600,218.3985,204735.964273,218.5,520.15,0.0,2026-09-10 22:00:00+00:00,2026-09-10 18:00:00-04:00,18,3,AH,False,True,False,4.647467816857133
1789081200,217.76,219560.533194,217.98,608.62,0.0,2026-09-10 23:00:00+00:00,2026-09-10 19:00:00-04:00,19,3,AH,False,True,False,10.102865540044034
1789084800,218.57,42094.0,218.72,723.47,0.0,2026-09-11 00:00:00+00:00,2026-09-10 20:00:00-04:00,20,3,ON,False,True,False,6.862789952875769
1789088400,218.41,65028.0,218.65,2231.32,0.0,2026-09-11 01:00:00+00:00,2026-09-10 21:00:00-04:00,21,3,ON,False,True,False,10.988507852204986
1789092000,218.2,17898.0,218.43,113.14,0.0,2026-09-11 02:00:00+00:00,2026-09-10 22:00:00-04:00,22,3,ON,False,True,False,10.540788267645196
1789095600,217.98,28571.0,218.22,289.28,0.0,2026-09-11 03:00:00+00:00,2026-09-10 23:00:00-04:00,23,3,ON,False,True,False,11.010184420589464
1789099200,218.31,40774.0,218.59,346.51,0.0,2026-09-11 04:00:00+00:00,2026-09-11 00:00:00-04:00,0,4,ON,False,True,False,12.825798176904453
1789102800,219.21,40462.0,219.36,413.42,0.0,2026-09-11 05:00:00+00:00,2026-09-11 01:00:00-04:00,1,4,ON,False,True,False,6.842753524018324
1789106400,219.87,72060.0,220.07,1180.15,0.0,2026-09-11 06:00:00+00:00,2026-09-11 02:00:00-04:00,2,4,ON,False,True,False,9.096284167916888
1789110000,219.59,80130.0,219.85,1629.51,0.0,2026-09-11 07:00:00+00:00,2026-09-11 03:00:00-04:00,3,4,ON,False,True,False,11.84024773441372
1789113600,220.3377,567562.149941,220.5,5038.97,0.0,2026-09-11 08:00:00+00:00,2026-09-11 04:00:00-04:00,4,4,PRE,False,True,False,7.365965969508971
1789117200,220.3397,169906.326811,220.58,2181.03,0.0,2026-09-11 09:00:00+00:00,2026-09-11 05:00:00-04:00,5,4,PRE,False,True,False,10.90588759084355
1789120800,220.188,137737.836239,220.43,1267.48,0.0,2026-09-11 10:00:00+00:00,2026-09-11 06:00:00-04:00,6,4,PRE,False,True,False,10.99060802586965
1789124400,219.6477,410397.820309,219.88,1549.76,0.0,2026-09-11 11:00:00+00:00,2026-09-11 07:00:00-04:00,7,4,PRE,False,True,False,10.576026974104863
1789128000,221.3777,3556720.670371,221.61,10360.62,0.0,2026-09-11 12:00:00+00:00,2026-09-11 08:00:00-04:00,8,4,PRE,False,True,False,10.49337851102479
1789131600,221.61,14183342.139361,221.8,10386.37,0.0,2026-09-11 13:00:00+00:00,2026-09-11 09:00:00-04:00,9,4,PRE,False,True,False,8.573620323992497
1789135200,219.47,17293322.898607,219.71,4183.68,0.0,2026-09-11 14:00:00+00:00,2026-09-11 10:00:00-04:00,10,4,RTH,False,True,True,10.935435367020963
1789138800,219.685,9599350.251405,219.86,2266.21,0.0,2026-09-11 15:00:00+00:00,2026-09-11 11:00:00-04:00,11,4,RTH,False,True,True,7.965951248378877
1789142400,219.105,7384733.661676,219.33,2474.99,0.000129,2026-09-11 16:00:00+00:00,2026-09-11 12:00:00-04:00,12,4,RTH,False,True,True,10.26904908605567
1789146000,219.145,5887266.001609,219.39,1089.02,0.000129,2026-09-11 17:00:00+00:00,2026-09-11 13:00:00-04:00,13,4,RTH,False,True,True,11.179812452941027
1789149600,219.35,6610618.021261,219.57,1434.78,0.000129,2026-09-11 18:00:00+00:00,2026-09-11 14:00:00-04:00,14,4,RTH,False,True,True,10.029633006610387
1789153200,218.29,13309040.961751,218.49,2302.46,0.000129,2026-09-11 19:00:00+00:00,2026-09-11 15:00:00-04:00,15,4,RTH,False,True,True,9.162123780293054
1789156800,218.3987,14265260.331309,218.6,1058.25,0.000129,2026-09-11 20:00:00+00:00,2026-09-11 16:00:00-04:00,16,4,AH,False,True,False,9.217087830651161
1789160400,218.3597,1969080.649971,218.52,432.91,0.000129,2026-09-11 21:00:00+00:00,2026-09-11 17:00:00-04:00,17,4,AH,False,True,False,7.341098197149316
1789164000,218.2295,169334.594154,218.44,207.09,0.000129,2026-09-11 22:00:00+00:00,2026-09-11 18:00:00-04:00,18,4,AH,False,True,False,9.645808655566555
1789167600,218.241,147082.971476,218.46,303.94,0.000129,2026-09-11 23:00:00+00:00,2026-09-11 19:00:00-04:00,19,4,AH,False,True,False,10.034778066449203
1789171200,218.38,11.184,218.86,234.45,0.000173,2026-09-12 00:00:00+00:00,2026-09-11 20:00:00-04:00,20,4,WEEKEND,True,False,False,21.980034801722606
1789174800,218.23,33.6317,218.7,216.07,0.000173,2026-09-12 01:00:00+00:00,2026-09-11 21:00:00-04:00,21,4,WEEKEND,True,False,False,21.536910598909355
1789178400,218.75,47.8977,219.12,468.64,0.000173,2026-09-12 02:00:00+00:00,2026-09-11 22:00:00-04:00,22,4,WEEKEND,True,False,False,16.91428571428592
1789182000,218.56,10.7447,219.14,517.71,0.000173,2026-09-12 03:00:00+00:00,2026-09-11 23:00:00-04:00,23,4,WEEKEND,True,False,False,26.537335285504398
1789185600,218.64,34.0988,219.17,266.26,0.000173,2026-09-12 04:00:00+00:00,2026-09-12 00:00:00-04:00,0,5,WEEKEND,True,False,False,24.24076106842303
1789189200,218.81,16.0423,219.24,148.03,0.000173,2026-09-12 05:00:00+00:00,2026-09-12 01:00:00-04:00,1,5,WEEKEND,True,False,False,19.651752662127272
1789192800,218.78,2.1931,219.2,106.37,0.000173,2026-09-12 06:00:00+00:00,2026-09-12 02:00:00-04:00,2,5,WEEKEND,True,False,False,19.197367218209504
1789196400,218.92,53.3004,219.36,416.77,0.000173,2026-09-12 07:00:00+00:00,2026-09-12 03:00:00-04:00,3,5,WEEKEND,True,False,False,20.098666179427468
1789200000,219.01,6.7264,219.35,290.89,0.0,2026-09-12 08:00:00+00:00,2026-09-12 04:00:00-04:00,4,5,WEEKEND,True,False,False,15.52440527829795
1789203600,218.49,30.6007,219.4,342.84,0.0,2026-09-12 09:00:00+00:00,2026-09-12 05:00:00-04:00,5,5,WEEKEND,True,False,False,41.64950340976688
1789207200,219.03,10.3379,219.34,264.75,0.0,2026-09-12 10:00:00+00:00,2026-09-12 06:00:00-04:00,6,5,WEEKEND,True,False,False,14.153312331644171
1789210800,218.66,38.2705,219.31,100.42,0.0,2026-09-12 11:00:00+00:00,2026-09-12 07:00:00-04:00,7,5,WEEKEND,True,False,False,29.72651605231893
1789214400,218.59,77.3002,219.37,172.9,0.0,2026-09-12 12:00:00+00:00,2026-09-12 08:00:00-04:00,8,5,WEEKEND,True,False,False,35.68324260030199
1789218000,219.09,63.6915,219.39,137.65,0.0,2026-09-12 13:00:00+00:00,2026-09-12 09:00:00-04:00,9,5,WEEKEND,True,False,False,13.693002875529825
1789221600,218.76,47.3617,219.36,284.51,0.0,2026-09-12 14:00:00+00:00,2026-09-12 10:00:00-04:00,10,5,WEEKEND,True,False,False,27.427317608338946
1789225200,219.01,81.5687,219.39,179.12,0.0,2026-09-12 15:00:00+00:00,2026-09-12 11:00:00-04:00,11,5,WEEKEND,True,False,False,17.350805899273798
1789228800,219.13,99.6209,219.45,84.5,0.0,2026-09-12 16:00:00+00:00,2026-09-12 12:00:00-04:00,12,5,WEEKEND,True,False,False,14.603203577784566
1789232400,218.9,4.6041,219.32,77.42,0.0,2026-09-12 17:00:00+00:00,2026-09-12 13:00:00-04:00,13,5,WEEKEND,True,False,False,19.186843307445752
1789236000,218.71,31.6872,219.33,217.54,0.0,2026-09-12 18:00:00+00:00,2026-09-12 14:00:00-04:00,14,5,WEEKEND,True,False,False,28.34804078460082
1789239600,218.74,80.6725,219.09,981.57,0.0,2026-09-12 19:00:00+00:00,2026-09-12 15:00:00-04:00,15,5,WEEKEND,True,False,False,16.00073146200943
1789243200,219.17,78.1703,218.49,1109.76,0.0,2026-09-12 20:00:00+00:00,2026-09-12 16:00:00-04:00,16,5,WEEKEND,True,False,False,-31.026144089062303
1789246800,219.22,235.7855,218.57,221.31,0.0,2026-09-12 21:00:00+00:00,2026-09-12 17:00:00-04:00,17,5,WEEKEND,True,False,False,-29.65057932670403
1789250400,219.23,6.8652,218.4,379.14,0.0,2026-09-12 22:00:00+00:00,2026-09-12 18:00:00-04:00,18,5,WEEKEND,True,False,False,-37.859781964146514
1789254000,219.23,10.6288,218.62,124.36,0.0,2026-09-12 23:00:00+00:00,2026-09-12 19:00:00-04:00,19,5,WEEKEND,True,False,False,-27.824659033890676
1789257600,219.23,20.9394,218.13,4945.42,0.0,2026-09-13 00:00:00+00:00,2026-09-12 20:00:00-04:00,20,5,WEEKEND,True,False,False,-50.175614651279226
1789261200,219.23,7.1925,218.15,283.72,0.0,2026-09-13 01:00:00+00:00,2026-09-12 21:00:00-04:00,21,5,WEEKEND,True,False,False,-49.26333074852822
1789264800,219.24,34.2461,217.93,1636.76,0.0,2026-09-13 02:00:00+00:00,2026-09-12 22:00:00-04:00,22,5,WEEKEND,True,False,False,-59.751870096697786
1789268400,219.26,25.7323,217.61,2852.69,0.0,2026-09-13 03:00:00+00:00,2026-09-12 23:00:00-04:00,23,5,WEEKEND,True,False,False,-75.25312414484983
1789272000,219.26,89.0612,217.56,478.94,0.0,2026-09-13 04:00:00+00:00,2026-09-13 00:00:00-04:00,0,6,WEEKEND,True,False,False,-77.53352184620945
1789275600,219.21,60.0245,217.35,3306.28,0.0,2026-09-13 05:00:00+00:00,2026-09-13 01:00:00-04:00,1,6,WEEKEND,True,False,False,-84.85014369782462
1789279200,219.31,3.236,217.23,6443.48,0.0,2026-09-13 06:00:00+00:00,2026-09-13 02:00:00-04:00,2,6,WEEKEND,True,False,False,-94.84291641968046
1789282800,219.2,2.8997,216.7,2894.62,0.0,2026-09-13 07:00:00+00:00,2026-09-13 03:00:00-04:00,3,6,WEEKEND,True,False,False,-114.05109489051095
1789286400,218.13,115.6677,216.15,6083.2,0.0,2026-09-13 08:00:00+00:00,2026-09-13 04:00:00-04:00,4,6,WEEKEND,True,False,False,-90.77155824508274
1789290000,218.03,58.133,215.33,8754.51,0.0,2026-09-13 09:00:00+00:00,2026-09-13 05:00:00-04:00,5,6,WEEKEND,True,False,False,-123.83616933449473
1789293600,217.9,222.4501,215.13,3936.88,0.0,2026-09-13 10:00:00+00:00,2026-09-13 06:00:00-04:00,6,6,WEEKEND,True,False,False,-127.12253327214364
1789297200,217.75,47.4756,214.79,6023.12,0.0,2026-09-13 11:00:00+00:00,2026-09-13 07:00:00-04:00,7,6,WEEKEND,True,False,False,-135.93570608496017
1789300800,217.48,444.2841,214.54,2065.59,0.0,2026-09-13 12:00:00+00:00,2026-09-13 08:00:00-04:00,8,6,WEEKEND,True,False,False,-135.18484458340987
1789304400,217.26,189.9832,214.7,10164.18,0.0,2026-09-13 13:00:00+00:00,2026-09-13 09:00:00-04:00,9,6,WEEKEND,True,False,False,-117.83117002669624
1789308000,217.24,5.8746,215.68,8207.42,0.0,2026-09-13 14:00:00+00:00,2026-09-13 10:00:00-04:00,10,6,WEEKEND,True,False,False,-71.80997974590325
1789311600,217.24,50.9645,215.53,3506.92,0.0,2026-09-13 15:00:00+00:00,2026-09-13 11:00:00-04:00,11,6,WEEKEND,True,False,False,-78.7147854907019
1789315200,217.23,117.8202,215.72,1287.6,0.0,2026-09-13 16:00:00+00:00,2026-09-13 12:00:00-04:00,12,6,WEEKEND,True,False,False,-69.51157759057179
1789318800,217.17,78.8405,215.53,345.41,0.0,2026-09-13 17:00:00+00:00,2026-09-13 13:00:00-04:00,13,6,WEEKEND,True,False,False,-75.51687617995057
1789322400,217.27,5.3497,215.62,701.0,0.0,2026-09-13 18:00:00+00:00,2026-09-13 14:00:00-04:00,14,6,WEEKEND,True,False,False,-75.94237584572217
1789326000,217.27,2.5999,215.55,323.35,0.0,2026-09-13 19:00:00+00:00,2026-09-13 15:00:00-04:00,15,6,WEEKEND,True,False,False,-79.16417360887368
1789329600,217.16,1.7671,215.65,337.77,0.0,2026-09-13 20:00:00+00:00,2026-09-13 16:00:00-04:00,16,6,WEEKEND,True,False,False,-69.53398415914492
1789333200,217.15,1.1868,215.8,968.16,0.0,2026-09-13 21:00:00+00:00,2026-09-13 17:00:00-04:00,17,6,WEEKEND,True,False,False,-62.169007598434
1789336800,217.2,20.0394,215.27,5751.99,0.0,2026-09-13 22:00:00+00:00,2026-09-13 18:00:00-04:00,18,6,WEEKEND,True,False,False,-88.85819521178537
1789340400,216.96,8.8228,214.57,6738.74,0.0,2026-09-13 23:00:00+00:00,2026-09-13 19:00:00-04:00,19,6,WEEKEND,True,False,False,-110.15855457227205
1789344000,214.15,319860.6034,214.43,14900.61,0.0,2026-09-14 00:00:00+00:00,2026-09-13 20:00:00-04:00,20,6,WEEKEND,True,False,False,13.074947466728982
1789347600,215.12,178951.0,215.44,3859.77,0.0,2026-09-14 01:00:00+00:00,2026-09-13 21:00:00-04:00,21,6,WEEKEND,True,False,False,14.875418371141372
1789351200,215.07,80573.0,215.48,1187.04,0.0,2026-09-14 02:00:00+00:00,2026-09-13 22:00:00-04:00,22,6,WEEKEND,True,False,False,19.063560701166903
1789354800,214.78,46949.0,215.04,900.13,0.0,2026-09-14 03:00:00+00:00,2026-09-13 23:00:00-04:00,23,6,WEEKEND,True,False,False,12.105410187167841
1789358400,214.9,31411.0,215.22,520.76,0.0,2026-09-14 04:00:00+00:00,2026-09-14 00:00:00-04:00,0,0,ON,False,True,False,14.890646812470598
1789362000,214.82,47435.0,215.13,453.87,0.0,2026-09-14 05:00:00+00:00,2026-09-14 01:00:00-04:00,1,0,ON,False,True,False,14.430686155851516
1789365600,214.08,70453.0,214.44,432.0,0.0,2026-09-14 06:00:00+00:00,2026-09-14 02:00:00-04:00,2,0,ON,False,True,False,16.816143497757157
1789369200,213.55,136765.0,213.91,3282.63,0.0,2026-09-14 07:00:00+00:00,2026-09-14 03:00:00-04:00,3,0,ON,False,True,False,16.857878716927427
1789372800,212.0967,1257022.698642,212.33,13174.36,0.0,2026-09-14 08:00:00+00:00,2026-09-14 04:00:00-04:00,4,0,PRE,False,True,False,10.999699665294841
1789376400,211.928,643104.192018,212.19,4865.97,0.0,2026-09-14 09:00:00+00:00,2026-09-14 05:00:00-04:00,5,0,PRE,False,True,False,12.362689215205185
1789380000,212.3475,565537.455777,212.58,3629.94,0.0,2026-09-14 10:00:00+00:00,2026-09-14 06:00:00-04:00,6,0,PRE,False,True,False,10.949034012645118
1789383600,212.89,2637300.938691,213.14,5187.88,0.0,2026-09-14 11:00:00+00:00,2026-09-14 07:00:00-04:00,7,0,PRE,False,True,False,11.743153741368785
1789387200,212.0792,6377777.733688,212.41,5091.96,0.0,2026-09-14 12:00:00+00:00,2026-09-14 08:00:00-04:00,8,0,PRE,False,True,False,15.597946427561528
1789390800,210.79,27046438.332395,211.04,21665.9,0.0,2026-09-14 13:00:00+00:00,2026-09-14 09:00:00-04:00,9,0,PRE,False,True,False,11.860145168176858
1789394400,210.48,18570430.358637,210.74,4029.12,0.0,2026-09-14 14:00:00+00:00,2026-09-14 10:00:00-04:00,10,0,RTH,False,True,True,12.35271759787245
1789398000,212.1884,13771954.237343,212.37,4196.87,0.0,2026-09-14 15:00:00+00:00,2026-09-14 11:00:00-04:00,11,0,RTH,False,True,True,8.558432034927597
1789401600,212.105,8785580.151704,212.34,4869.7,0.000312,2026-09-14 16:00:00+00:00,2026-09-14 12:00:00-04:00,12,0,RTH,False,True,True,11.079418212678327
1789405200,212.4101,7241236.67242,212.68,1480.33,0.000312,2026-09-14 17:00:00+00:00,2026-09-14 13:00:00-04:00,13,0,RTH,False,True,True,12.706552089566687
1789408800,212.555,8481717.021831,212.78,1135.83,0.000312,2026-09-14 18:00:00+00:00,2026-09-14 14:00:00-04:00,14,0,RTH,False,True,True,10.58549551880663
1789412400,210.96,21034234.002456,211.13,4279.15,0.000312,2026-09-14 19:00:00+00:00,2026-09-14 15:00:00-04:00,15,0,RTH,False,True,True,8.05839969662436
1789416000,212.398,22476039.985373,212.59,3437.47,0.000312,2026-09-14 20:00:00+00:00,2026-09-14 16:00:00-04:00,16,0,AH,False,True,False,9.039633141555349
1789419600,212.539,290109.858276,212.74,3293.29,0.000312,2026-09-14 21:00:00+00:00,2026-09-14 17:00:00-04:00,17,0,AH,False,True,False,9.457087875637969
1789423200,212.3877,205378.608021,212.54,1959.32,0.000312,2026-09-14 22:00:00+00:00,2026-09-14 18:00:00-04:00,18,0,AH,False,True,False,7.170848406004527
1789426800,212.04,199724.069395,212.25,283.56,0.000312,2026-09-14 23:00:00+00:00,2026-09-14 19:00:00-04:00,19,0,AH,False,True,False,9.903791737408412
1789430400,212.35,37608.0,212.65,894.08,0.000303,2026-09-15 00:00:00+00:00,2026-09-14 20:00:00-04:00,20,0,ON,False,True,False,14.127619496115441
1789434000,212.39,29883.0,212.65,618.73,0.000303,2026-09-15 01:00:00+00:00,2026-09-14 21:00:00-04:00,21,0,ON,False,True,False,12.241630961910605
1789437600,212.58,34070.0,212.83,902.4,0.000303,2026-09-15 02:00:00+00:00,2026-09-14 22:00:00-04:00,22,0,ON,False,True,False,11.760278483394487
1789441200,212.46,37652.0,212.71,322.77,0.000303,2026-09-15 03:00:00+00:00,2026-09-14 23:00:00-04:00,23,0,ON,False,True,False,11.76692083215664
1789444800,212.21,52646.0,212.51,307.07,0.000303,2026-09-15 04:00:00+00:00,2026-09-15 00:00:00-04:00,0,1,ON,False,True,False,14.136939823758679
1789448400,212.27,64573.0,212.54,1218.55,0.000303,2026-09-15 05:00:00+00:00,2026-09-15 01:00:00-04:00,1,1,ON,False,True,False,12.719649502990617
1789452000,212.03,40292.0,212.37,505.63,0.000303,2026-09-15 06:00:00+00:00,2026-09-15 02:00:00-04:00,2,1,ON,False,True,False,16.035466679243665
1789455600,211.81,56939.0,212.09,509.66,0.000303,2026-09-15 07:00:00+00:00,2026-09-15 03:00:00-04:00,3,1,ON,False,True,False,13.219394740569433
1789459200,211.3977,492585.398883,211.75,1746.16,0.0,2026-09-15 08:00:00+00:00,2026-09-15 04:00:00-04:00,4,1,PRE,False,True,False,16.665271192638986
1789462800,212.188,212899.553132,212.45,1270.29,0.0,2026-09-15 09:00:00+00:00,2026-09-15 05:00:00-04:00,5,1,PRE,False,True,False,12.347540859992105
1789466400,212.3795,130816.805501,212.73,1132.93,0.0,2026-09-15 10:00:00+00:00,2026-09-15 06:00:00-04:00,6,1,PRE,False,True,False,16.503476088793057
1789470000,212.3085,2273173.245776,212.62,1098.2,0.0,2026-09-15 11:00:00+00:00,2026-09-15 07:00:00-04:00,7,1,PRE,False,True,False,14.672045631710235
1789473600,212.5695,723459.600088,212.89,2954.12,0.0,2026-09-15 12:00:00+00:00,2026-09-15 08:00:00-04:00,8,1,PRE,False,True,False,15.077421737360314
1789477200,213.26,14757760.444538,213.56,13503.71,0.0,2026-09-15 13:00:00+00:00,2026-09-15 09:00:00-04:00,9,1,PRE,False,True,False,14.067335646629061
1789480800,212.035,14864559.069656,212.35,6008.2,0.0,2026-09-15 14:00:00+00:00,2026-09-15 10:00:00-04:00,10,1,RTH,False,True,True,14.856037918268104
1789484400,212.1799,9429427.455002,212.42,2175.03,0.0,2026-09-15 15:00:00+00:00,2026-09-15 11:00:00-04:00,11,1,RTH,False,True,True,11.315869222295984
1789488000,211.77,6474019.662751,212.09,1223.47,0.000251,2026-09-15 16:00:00+00:00,2026-09-15 12:00:00-04:00,12,1,RTH,False,True,True,15.11073334277722
1789491600,211.9598,7160372.763829,212.27,1076.17,0.000251,2026-09-15 17:00:00+00:00,2026-09-15 13:00:00-04:00,13,1,RTH,False,True,True,14.634850570721849
1789495200,212.1101,6408790.822008,212.44,830.14,0.000251,2026-09-15 18:00:00+00:00,2026-09-15 14:00:00-04:00,14,1,RTH,False,True,True,15.55324333919079
1789498800,212.17,9382507.754486,212.5,1627.27,0.000251,2026-09-15 19:00:00+00:00,2026-09-15 15:00:00-04:00,15,1,RTH,False,True,True,15.55356553706992
1789502400,212.5995,19950343.923196,212.88,581.36,0.000251,2026-09-15 20:00:00+00:00,2026-09-15 16:00:00-04:00,16,1,AH,False,True,False,13.193822186787331
1789506000,212.3682,2571730.27732,212.7,761.29,0.000251,2026-09-15 21:00:00+00:00,2026-09-15 17:00:00-04:00,17,1,AH,False,True,False,15.623808084260592
1789509600,212.488,237270.411261,212.78,904.11,0.000251,2026-09-15 22:00:00+00:00,2026-09-15 18:00:00-04:00,18,1,AH,False,True,False,13.741952486728737
1789513200,212.3705,171735.799907,212.74,444.17,0.000251,2026-09-15 23:00:00+00:00,2026-09-15 19:00:00-04:00,19,1,AH,False,True,False,17.398838350901674
1789516800,212.37,20931.0,212.72,452.67,0.000228,2026-09-16 00:00:00+00:00,2026-09-15 20:00:00-04:00,20,1,ON,False,True,False,16.480670527852066
1789520400,211.89,29727.0,212.2,532.39,0.000228,2026-09-16 01:00:00+00:00,2026-09-15 21:00:00-04:00,21,1,ON,False,True,False,14.630232667893827
1789524000,212.44,30438.0,212.85,929.49,0.000228,2026-09-16 02:00:00+00:00,2026-09-15 22:00:00-04:00,22,1,ON,False,True,False,19.29956693654663
1789527600,213.02,67952.0,213.44,1050.04,0.000228,2026-09-16 03:00:00+00:00,2026-09-15 23:00:00-04:00,23,1,ON,False,True,False,19.71645854849251
1789531200,213.0,33857.0,213.37,380.62,0.000228,2026-09-16 04:00:00+00:00,2026-09-16 00:00:00-04:00,0,2,ON,False,True,False,17.370892018779557
1789534800,213.51,49696.0,213.93,826.18,0.000228,2026-09-16 05:00:00+00:00,2026-09-16 01:00:00-04:00,1,2,ON,False,True,False,19.67120977940218
1789538400,213.6,34028.0,214.04,853.76,0.000228,2026-09-16 06:00:00+00:00,2026-09-16 02:00:00-04:00,2,2,ON,False,True,False,20.599250936329483
1789542000,213.68,42394.0,214.16,575.91,0.000228,2026-09-16 07:00:00+00:00,2026-09-16 03:00:00-04:00,3,2,ON,False,True,False,22.463496817670805
1789545600,213.588,423528.492089,213.96,1950.13,0.0,2026-09-16 08:00:00+00:00,2026-09-16 04:00:00-04:00,4,2,PRE,False,True,False,17.416708803866047
1789549200,213.3882,136695.999092,213.75,1048.18,0.0,2026-09-16 09:00:00+00:00,2026-09-16 05:00:00-04:00,5,2,PRE,False,True,False,16.955014382238012
1789552800,213.34,105050.148543,213.69,706.33,0.0,2026-09-16 10:00:00+00:00,2026-09-16 06:00:00-04:00,6,2,PRE,False,True,False,16.40573732070846
1789556400,213.6995,699550.450661,214.13,841.02,0.0,2026-09-16 11:00:00+00:00,2026-09-16 07:00:00-04:00,7,2,PRE,False,True,False,20.145110306762298
1789560000,213.867,2861914.08923,214.23,2476.12,0.0,2026-09-16 12:00:00+00:00,2026-09-16 08:00:00-04:00,8,2,PRE,False,True,False,16.973165565514996
1789563600,214.7199,11055734.008628,215.08,14331.55,0.0,2026-09-16 13:00:00+00:00,2026-09-16 09:00:00-04:00,9,2,PRE,False,True,False,16.77068590289102
1789567200,215.45,11712187.521304,215.79,2788.05,0.0,2026-09-16 14:00:00+00:00,2026-09-16 10:00:00-04:00,10,2,RTH,False,True,True,15.78092364817839
1789570800,216.05,11055636.186928,216.37,5880.95,0.0,2026-09-16 15:00:00+00:00,2026-09-16 11:00:00-04:00,11,2,RTH,False,True,True,14.811386253181817
1789574400,216.005,6409324.557127,216.3,3493.3,0.000174,2026-09-16 16:00:00+00:00,2026-09-16 12:00:00-04:00,12,2,RTH,False,True,True,13.65709127103613
1789578000,215.25,6790336.478385,215.63,3605.35,0.000174,2026-09-16 17:00:00+00:00,2026-09-16 13:00:00-04:00,13,2,RTH,False,True,True,17.653890824622323
1789581600,213.865,13066098.0,214.17,5916.06,0.000174,2026-09-16 18:00:00+00:00,2026-09-16 14:00:00-04:00,14,2,RTH,False,True,True,14.261333083953822
1789585200,213.9,17969689.0,214.13,6893.47,0.000174,2026-09-16 19:00:00+00:00,2026-09-16 15:00:00-04:00,15,2,RTH,False,True,True,10.752688172042532
1789588800,214.3895,16727586.448205,214.76,1556.43,0.000174,2026-09-16 20:00:00+00:00,2026-09-16 16:00:00-04:00,16,2,AH,False,True,False,17.281629930569956
1789592400,214.7382,235059.134418,215.0,771.97,0.000174,2026-09-16 21:00:00+00:00,2026-09-16 17:00:00-04:00,17,2,AH,False,True,False,12.19158957279114
1789596000,214.9182,304114.708227,215.29,911.45,0.000174,2026-09-16 22:00:00+00:00,2026-09-16 18:00:00-04:00,18,2,AH,False,True,False,17.299605152098753
1789599600,215.65,302653.145456,215.93,1340.75,0.000174,2026-09-16 23:00:00+00:00,2026-09-16 19:00:00-04:00,19,2,AH,False,True,False,12.98400185485746
1789603200,215.53,57267.0,215.87,1582.73,0.000235,2026-09-17 00:00:00+00:00,2026-09-16 20:00:00-04:00,20,2,ON,False,True,False,15.775066116086085
1789606800,215.35,45369.0,215.76,938.62,0.000235,2026-09-17 01:00:00+00:00,2026-09-16 21:00:00-04:00,21,2,ON,False,True,False,19.03877408869267
1789610400,215.56,25192.0,215.94,634.77,0.000235,2026-09-17 02:00:00+00:00,2026-09-16 22:00:00-04:00,22,2,ON,False,True,False,17.628502505102777
1789614000,215.65,13583.0,216.02,254.02,0.000235,2026-09-17 03:00:00+00:00,2026-09-16 23:00:00-04:00,23,2,ON,False,True,False,17.157431022490357
